"from","to"
"topfashionideas","CryptoJauregui"
"topfashionideas","Polite_Jerk"
"topfashionideas","BitcoinOps"
"topfashionideas","khichariya1"
"topfashionideas","darren_yan"
"topfashionideas","dodadopp"
"topfashionideas","LudwigsenAngila"
"topfashionideas","sydni519"
"topfashionideas","socialprnews"
"topfashionideas","RandallGoulding"
"topfashionideas","hitjo"
"topfashionideas","CryptoW0rld"
"EvaBlaisdell","eiyeorch"
"EvaBlaisdell","Torosernjacks"
"EvaBlaisdell","mvasey"
"EvaBlaisdell","CogitoErgoCode"
"EvaBlaisdell","TAHARARALAN"
"EvaBlaisdell","BTCticker"
"EvaBlaisdell","coinstats"
"EvaBlaisdell","Bitmoeda"
"EvaBlaisdell","jmvillegast"
"EvaBlaisdell","UndersHead"
"EvaBlaisdell","BASSLINE_BOP2"
"EvaBlaisdell","matslats"
"EvaBlaisdell","Buddhamangler"
"EvaBlaisdell","MattLeft99"
"CryptoJauregui","topfashionideas"
"CryptoJauregui","Polite_Jerk"
"CryptoJauregui","BitcoinOps"
"CryptoJauregui","khichariya1"
"CryptoJauregui","darren_yan"
"CryptoJauregui","dodadopp"
"CryptoJauregui","LudwigsenAngila"
"CryptoJauregui","sydni519"
"CryptoJauregui","socialprnews"
"CryptoJauregui","RandallGoulding"
"CryptoJauregui","hitjo"
"CryptoJauregui","CryptoW0rld"
"eiyeorch","EvaBlaisdell"
"eiyeorch","Torosernjacks"
"eiyeorch","mvasey"
"eiyeorch","CogitoErgoCode"
"eiyeorch","TAHARARALAN"
"eiyeorch","BTCticker"
"eiyeorch","coinstats"
"eiyeorch","Bitmoeda"
"eiyeorch","jmvillegast"
"eiyeorch","UndersHead"
"eiyeorch","BASSLINE_BOP2"
"eiyeorch","matslats"
"eiyeorch","Buddhamangler"
"eiyeorch","MattLeft99"
"CryptoPrices_","Coinnnnn_"
"CryptoPrices_","BitcoinUkNews"
"CryptoPrices_","ibrahimsilence"
"CryptoPrices_","paleodead"
"CryptoPrices_","socialstartnews"
"CryptoPrices_","g0t3nk5"
"CryptoPrices_","MdKayumUddin2"
"CryptoPrices_","CryptoNewswire"
"CryptoPrices_","midousujikun"
"cryptananda","Crypto_Newz"
"cryptananda","rottenwheel"
"cryptananda","tigzorr"
"cryptananda","ssn3media"
"cryptananda","MzCh11KiETHaNg9"
"cryptananda","KovshBeats"
"cryptananda","King_Tuesday"
"cryptananda","xbtnews"
"cryptananda","jekiedugn1"
"cryptananda","theonevortex"
"cryptananda","McclamNeva"
"Coinnnnn_","CryptoPrices_"
"Coinnnnn_","BitcoinUkNews"
"Coinnnnn_","ibrahimsilence"
"Coinnnnn_","paleodead"
"Coinnnnn_","socialstartnews"
"Coinnnnn_","g0t3nk5"
"Coinnnnn_","MdKayumUddin2"
"Coinnnnn_","CryptoNewswire"
"Coinnnnn_","midousujikun"
"reubeng0","FeesBitcoin"
"reubeng0","BtcPulse"
"reubeng0","betbtc"
"reubeng0","TboneMacdonald"
"reubeng0","antoni161273"
"reubeng0","CHP_the_RIPPER"
"reubeng0","btcbeehive"
"reubeng0","miamipeoria"
"reubeng0","CarlaCoinsNLegs"
"reubeng0","adam3us"
"reubeng0","MIParentalRlght"
"reubeng0","blockchainbot"
"reubeng0","maestrejoseg"
"reubeng0","Kayy_Kayy_44"
"reubeng0","realSatoshiN"
"reubeng0","mempool_stats"
"reubeng0","JacekSalaj"
"reubeng0","CryptoKid77"
"reubeng0","BitcoinCashApp"
"StreamIn_","CryptoRidiculo"
"StreamIn_","whaleclubco"
"StreamIn_","BitcoinSpreads"
"StreamIn_","BTCdominance"
"StreamIn_","latigo661"
"StreamIn_","ESellhamer"
"StreamIn_","BitcoinInvest24"
"StreamIn_","socmrktng"
"StreamIn_","jeffvillalobos3"
"StreamIn_","CryptNotBlood"
"StreamIn_","egaconsulting"
"StreamIn_","findingreview"
"StreamIn_","hexagram_power"
"StreamIn_","Crystal0182"
"StreamIn_","cryptomiao"
"StreamIn_","eStream_Studios"
"StreamIn_","CA_Minho25"
"StreamIn_","shushmashri21"
"StreamIn_","Priya_upala"
"StreamIn_","michael55038689"
"Polite_Jerk","topfashionideas"
"Polite_Jerk","CryptoJauregui"
"Polite_Jerk","BitcoinOps"
"Polite_Jerk","khichariya1"
"Polite_Jerk","darren_yan"
"Polite_Jerk","dodadopp"
"Polite_Jerk","LudwigsenAngila"
"Polite_Jerk","sydni519"
"Polite_Jerk","socialprnews"
"Polite_Jerk","RandallGoulding"
"Polite_Jerk","hitjo"
"Polite_Jerk","CryptoW0rld"
"Torosernjacks","EvaBlaisdell"
"Torosernjacks","eiyeorch"
"Torosernjacks","mvasey"
"Torosernjacks","CogitoErgoCode"
"Torosernjacks","TAHARARALAN"
"Torosernjacks","BTCticker"
"Torosernjacks","coinstats"
"Torosernjacks","Bitmoeda"
"Torosernjacks","jmvillegast"
"Torosernjacks","UndersHead"
"Torosernjacks","BASSLINE_BOP2"
"Torosernjacks","matslats"
"Torosernjacks","Buddhamangler"
"Torosernjacks","MattLeft99"
"FeesBitcoin","reubeng0"
"FeesBitcoin","BtcPulse"
"FeesBitcoin","betbtc"
"FeesBitcoin","TboneMacdonald"
"FeesBitcoin","antoni161273"
"FeesBitcoin","CHP_the_RIPPER"
"FeesBitcoin","btcbeehive"
"FeesBitcoin","miamipeoria"
"FeesBitcoin","CarlaCoinsNLegs"
"FeesBitcoin","adam3us"
"FeesBitcoin","MIParentalRlght"
"FeesBitcoin","blockchainbot"
"FeesBitcoin","maestrejoseg"
"FeesBitcoin","Kayy_Kayy_44"
"FeesBitcoin","realSatoshiN"
"FeesBitcoin","mempool_stats"
"FeesBitcoin","JacekSalaj"
"FeesBitcoin","CryptoKid77"
"FeesBitcoin","BitcoinCashApp"
"Crypto_Newz","cryptananda"
"Crypto_Newz","rottenwheel"
"Crypto_Newz","tigzorr"
"Crypto_Newz","ssn3media"
"Crypto_Newz","MzCh11KiETHaNg9"
"Crypto_Newz","KovshBeats"
"Crypto_Newz","King_Tuesday"
"Crypto_Newz","xbtnews"
"Crypto_Newz","jekiedugn1"
"Crypto_Newz","theonevortex"
"Crypto_Newz","McclamNeva"
"CryptoRidiculo","StreamIn_"
"CryptoRidiculo","whaleclubco"
"CryptoRidiculo","BitcoinSpreads"
"CryptoRidiculo","BTCdominance"
"CryptoRidiculo","latigo661"
"CryptoRidiculo","ESellhamer"
"CryptoRidiculo","BitcoinInvest24"
"CryptoRidiculo","socmrktng"
"CryptoRidiculo","jeffvillalobos3"
"CryptoRidiculo","CryptNotBlood"
"CryptoRidiculo","egaconsulting"
"CryptoRidiculo","findingreview"
"CryptoRidiculo","hexagram_power"
"CryptoRidiculo","Crystal0182"
"CryptoRidiculo","cryptomiao"
"CryptoRidiculo","eStream_Studios"
"CryptoRidiculo","CA_Minho25"
"CryptoRidiculo","shushmashri21"
"CryptoRidiculo","Priya_upala"
"CryptoRidiculo","michael55038689"
"wavesprice","dc77ae00b817435"
"wavesprice","digitaljournal"
"wavesprice","blkchdemcy"
"wavesprice","tommyalvarez81"
"wavesprice","henrynburton"
"wavesprice","socialstocksnow"
"wavesprice","ssn1tweet"
"wavesprice","VeryVeriViral"
"block_bit","HarrietteFarkas"
"block_bit","TommyeKirkendal"
"block_bit","Cryptonic17"
"block_bit","btcreports"
"block_bit","crypto_rush"
"block_bit","TheeJimmyCox"
"block_bit","UnconfirmedTxns"
"block_bit","Crypto_Monkeyo"
"block_bit","Bitcoin_UAE"
"block_bit","bitcoinnewsweb"
"block_bit","Soc_Currency"
"block_bit","bitcointonic"
"block_bit","socialnewstweet"
"block_bit","socmediaimpact"
"block_bit","Just_JUNO"
"block_bit","ondhro1"
"block_bit","TheSideHusband"
"block_bit","TheBlockchain"
"abidoank12","CityofInvestmnt"
"abidoank12","strange10change"
"abidoank12","coinradar_io"
"abidoank12","CryptoSeven"
"abidoank12","Chey999"
"abidoank12","Ragnarly"
"abidoank12","Nationalacrobat"
"abidoank12","CryptoStacking"
"abidoank12","bitcoin_miner_"
"abidoank12","socialstartnow"
"abidoank12","Kandy_LOVE_94"
"abidoank12","RTrobby"
"abidoank12","BrutallyDoke"
"abidoank12","bitcoinfirehose"
"abidoank12","socialirnews"
"abidoank12","GetOvarIt"
"abidoank12","1JustinMcCollum"
"abidoank12","hotload2000"
"abidoank12","KalEl_1987"
"abidoank12","btc_update"
"abidoank12","MikeAlden2012"
"vkeyxyz","chrisleu2"
"vkeyxyz","Anon_Emy"
"vkeyxyz","bitstein"
"vkeyxyz","steveouttrim"
"vkeyxyz","eprocentteam"
"vkeyxyz","BitcoinWrld"
"vkeyxyz","NeilOKeefe"
"vkeyxyz","djprincealby"
"vkeyxyz","fakent_"
"vkeyxyz","TugBoatTrader"
"CityofInvestmnt","abidoank12"
"CityofInvestmnt","strange10change"
"CityofInvestmnt","coinradar_io"
"CityofInvestmnt","CryptoSeven"
"CityofInvestmnt","Chey999"
"CityofInvestmnt","Ragnarly"
"CityofInvestmnt","Nationalacrobat"
"CityofInvestmnt","CryptoStacking"
"CityofInvestmnt","bitcoin_miner_"
"CityofInvestmnt","socialstartnow"
"CityofInvestmnt","Kandy_LOVE_94"
"CityofInvestmnt","RTrobby"
"CityofInvestmnt","BrutallyDoke"
"CityofInvestmnt","bitcoinfirehose"
"CityofInvestmnt","socialirnews"
"CityofInvestmnt","GetOvarIt"
"CityofInvestmnt","1JustinMcCollum"
"CityofInvestmnt","hotload2000"
"CityofInvestmnt","KalEl_1987"
"CityofInvestmnt","btc_update"
"CityofInvestmnt","MikeAlden2012"
"sabbir1133","BitcoinKacDolar"
"sabbir1133","iam_rahul555"
"sabbir1133","PatPrivilege"
"sabbir1133","s_H4k4"
"sabbir1133","getitoutnow"
"sabbir1133","steemero"
"sabbir1133","ssn4marketing"
"sabbir1133","37angelsny"
"sabbir1133","TheBitForum"
"sabbir1133","NazzyN21"
"sabbir1133","DMVLife1"
"sabbir1133","tell_taylor"
"whaleclubco","StreamIn_"
"whaleclubco","CryptoRidiculo"
"whaleclubco","BitcoinSpreads"
"whaleclubco","BTCdominance"
"whaleclubco","latigo661"
"whaleclubco","ESellhamer"
"whaleclubco","BitcoinInvest24"
"whaleclubco","socmrktng"
"whaleclubco","jeffvillalobos3"
"whaleclubco","CryptNotBlood"
"whaleclubco","egaconsulting"
"whaleclubco","findingreview"
"whaleclubco","hexagram_power"
"whaleclubco","Crystal0182"
"whaleclubco","cryptomiao"
"whaleclubco","eStream_Studios"
"whaleclubco","CA_Minho25"
"whaleclubco","shushmashri21"
"whaleclubco","Priya_upala"
"whaleclubco","michael55038689"
"HarrietteFarkas","block_bit"
"HarrietteFarkas","TommyeKirkendal"
"HarrietteFarkas","Cryptonic17"
"HarrietteFarkas","btcreports"
"HarrietteFarkas","crypto_rush"
"HarrietteFarkas","TheeJimmyCox"
"HarrietteFarkas","UnconfirmedTxns"
"HarrietteFarkas","Crypto_Monkeyo"
"HarrietteFarkas","Bitcoin_UAE"
"HarrietteFarkas","bitcoinnewsweb"
"HarrietteFarkas","Soc_Currency"
"HarrietteFarkas","bitcointonic"
"HarrietteFarkas","socialnewstweet"
"HarrietteFarkas","socmediaimpact"
"HarrietteFarkas","Just_JUNO"
"HarrietteFarkas","ondhro1"
"HarrietteFarkas","TheSideHusband"
"HarrietteFarkas","TheBlockchain"
"mvasey","EvaBlaisdell"
"mvasey","eiyeorch"
"mvasey","Torosernjacks"
"mvasey","CogitoErgoCode"
"mvasey","TAHARARALAN"
"mvasey","BTCticker"
"mvasey","coinstats"
"mvasey","Bitmoeda"
"mvasey","jmvillegast"
"mvasey","UndersHead"
"mvasey","BASSLINE_BOP2"
"mvasey","matslats"
"mvasey","Buddhamangler"
"mvasey","MattLeft99"
"rottenwheel","cryptananda"
"rottenwheel","Crypto_Newz"
"rottenwheel","tigzorr"
"rottenwheel","ssn3media"
"rottenwheel","MzCh11KiETHaNg9"
"rottenwheel","KovshBeats"
"rottenwheel","King_Tuesday"
"rottenwheel","xbtnews"
"rottenwheel","jekiedugn1"
"rottenwheel","theonevortex"
"rottenwheel","McclamNeva"
"strange10change","abidoank12"
"strange10change","CityofInvestmnt"
"strange10change","coinradar_io"
"strange10change","CryptoSeven"
"strange10change","Chey999"
"strange10change","Ragnarly"
"strange10change","Nationalacrobat"
"strange10change","CryptoStacking"
"strange10change","bitcoin_miner_"
"strange10change","socialstartnow"
"strange10change","Kandy_LOVE_94"
"strange10change","RTrobby"
"strange10change","BrutallyDoke"
"strange10change","bitcoinfirehose"
"strange10change","socialirnews"
"strange10change","GetOvarIt"
"strange10change","1JustinMcCollum"
"strange10change","hotload2000"
"strange10change","KalEl_1987"
"strange10change","btc_update"
"strange10change","MikeAlden2012"
"CogitoErgoCode","EvaBlaisdell"
"CogitoErgoCode","eiyeorch"
"CogitoErgoCode","Torosernjacks"
"CogitoErgoCode","mvasey"
"CogitoErgoCode","TAHARARALAN"
"CogitoErgoCode","BTCticker"
"CogitoErgoCode","coinstats"
"CogitoErgoCode","Bitmoeda"
"CogitoErgoCode","jmvillegast"
"CogitoErgoCode","UndersHead"
"CogitoErgoCode","BASSLINE_BOP2"
"CogitoErgoCode","matslats"
"CogitoErgoCode","Buddhamangler"
"CogitoErgoCode","MattLeft99"
"BtcPulse","reubeng0"
"BtcPulse","FeesBitcoin"
"BtcPulse","betbtc"
"BtcPulse","TboneMacdonald"
"BtcPulse","antoni161273"
"BtcPulse","CHP_the_RIPPER"
"BtcPulse","btcbeehive"
"BtcPulse","miamipeoria"
"BtcPulse","CarlaCoinsNLegs"
"BtcPulse","adam3us"
"BtcPulse","MIParentalRlght"
"BtcPulse","blockchainbot"
"BtcPulse","maestrejoseg"
"BtcPulse","Kayy_Kayy_44"
"BtcPulse","realSatoshiN"
"BtcPulse","mempool_stats"
"BtcPulse","JacekSalaj"
"BtcPulse","CryptoKid77"
"BtcPulse","BitcoinCashApp"
"TommyeKirkendal","block_bit"
"TommyeKirkendal","HarrietteFarkas"
"TommyeKirkendal","Cryptonic17"
"TommyeKirkendal","btcreports"
"TommyeKirkendal","crypto_rush"
"TommyeKirkendal","TheeJimmyCox"
"TommyeKirkendal","UnconfirmedTxns"
"TommyeKirkendal","Crypto_Monkeyo"
"TommyeKirkendal","Bitcoin_UAE"
"TommyeKirkendal","bitcoinnewsweb"
"TommyeKirkendal","Soc_Currency"
"TommyeKirkendal","bitcointonic"
"TommyeKirkendal","socialnewstweet"
"TommyeKirkendal","socmediaimpact"
"TommyeKirkendal","Just_JUNO"
"TommyeKirkendal","ondhro1"
"TommyeKirkendal","TheSideHusband"
"TommyeKirkendal","TheBlockchain"
"coinradar_io","abidoank12"
"coinradar_io","CityofInvestmnt"
"coinradar_io","strange10change"
"coinradar_io","CryptoSeven"
"coinradar_io","Chey999"
"coinradar_io","Ragnarly"
"coinradar_io","Nationalacrobat"
"coinradar_io","CryptoStacking"
"coinradar_io","bitcoin_miner_"
"coinradar_io","socialstartnow"
"coinradar_io","Kandy_LOVE_94"
"coinradar_io","RTrobby"
"coinradar_io","BrutallyDoke"
"coinradar_io","bitcoinfirehose"
"coinradar_io","socialirnews"
"coinradar_io","GetOvarIt"
"coinradar_io","1JustinMcCollum"
"coinradar_io","hotload2000"
"coinradar_io","KalEl_1987"
"coinradar_io","btc_update"
"coinradar_io","MikeAlden2012"
"TAHARARALAN","EvaBlaisdell"
"TAHARARALAN","eiyeorch"
"TAHARARALAN","Torosernjacks"
"TAHARARALAN","mvasey"
"TAHARARALAN","CogitoErgoCode"
"TAHARARALAN","BTCticker"
"TAHARARALAN","coinstats"
"TAHARARALAN","Bitmoeda"
"TAHARARALAN","jmvillegast"
"TAHARARALAN","UndersHead"
"TAHARARALAN","BASSLINE_BOP2"
"TAHARARALAN","matslats"
"TAHARARALAN","Buddhamangler"
"TAHARARALAN","MattLeft99"
"dc77ae00b817435","wavesprice"
"dc77ae00b817435","digitaljournal"
"dc77ae00b817435","blkchdemcy"
"dc77ae00b817435","tommyalvarez81"
"dc77ae00b817435","henrynburton"
"dc77ae00b817435","socialstocksnow"
"dc77ae00b817435","ssn1tweet"
"dc77ae00b817435","VeryVeriViral"
"chrisleu2","vkeyxyz"
"chrisleu2","Anon_Emy"
"chrisleu2","bitstein"
"chrisleu2","steveouttrim"
"chrisleu2","eprocentteam"
"chrisleu2","BitcoinWrld"
"chrisleu2","NeilOKeefe"
"chrisleu2","djprincealby"
"chrisleu2","fakent_"
"chrisleu2","TugBoatTrader"
"BitcoinOps","topfashionideas"
"BitcoinOps","CryptoJauregui"
"BitcoinOps","Polite_Jerk"
"BitcoinOps","khichariya1"
"BitcoinOps","darren_yan"
"BitcoinOps","dodadopp"
"BitcoinOps","LudwigsenAngila"
"BitcoinOps","sydni519"
"BitcoinOps","socialprnews"
"BitcoinOps","RandallGoulding"
"BitcoinOps","hitjo"
"BitcoinOps","CryptoW0rld"
"Cryptonic17","block_bit"
"Cryptonic17","HarrietteFarkas"
"Cryptonic17","TommyeKirkendal"
"Cryptonic17","btcreports"
"Cryptonic17","crypto_rush"
"Cryptonic17","TheeJimmyCox"
"Cryptonic17","UnconfirmedTxns"
"Cryptonic17","Crypto_Monkeyo"
"Cryptonic17","Bitcoin_UAE"
"Cryptonic17","bitcoinnewsweb"
"Cryptonic17","Soc_Currency"
"Cryptonic17","bitcointonic"
"Cryptonic17","socialnewstweet"
"Cryptonic17","socmediaimpact"
"Cryptonic17","Just_JUNO"
"Cryptonic17","ondhro1"
"Cryptonic17","TheSideHusband"
"Cryptonic17","TheBlockchain"
"BitcoinSpreads","StreamIn_"
"BitcoinSpreads","CryptoRidiculo"
"BitcoinSpreads","whaleclubco"
"BitcoinSpreads","BTCdominance"
"BitcoinSpreads","latigo661"
"BitcoinSpreads","ESellhamer"
"BitcoinSpreads","BitcoinInvest24"
"BitcoinSpreads","socmrktng"
"BitcoinSpreads","jeffvillalobos3"
"BitcoinSpreads","CryptNotBlood"
"BitcoinSpreads","egaconsulting"
"BitcoinSpreads","findingreview"
"BitcoinSpreads","hexagram_power"
"BitcoinSpreads","Crystal0182"
"BitcoinSpreads","cryptomiao"
"BitcoinSpreads","eStream_Studios"
"BitcoinSpreads","CA_Minho25"
"BitcoinSpreads","shushmashri21"
"BitcoinSpreads","Priya_upala"
"BitcoinSpreads","michael55038689"
"BTCticker","EvaBlaisdell"
"BTCticker","eiyeorch"
"BTCticker","Torosernjacks"
"BTCticker","mvasey"
"BTCticker","CogitoErgoCode"
"BTCticker","TAHARARALAN"
"BTCticker","coinstats"
"BTCticker","Bitmoeda"
"BTCticker","jmvillegast"
"BTCticker","UndersHead"
"BTCticker","BASSLINE_BOP2"
"BTCticker","matslats"
"BTCticker","Buddhamangler"
"BTCticker","MattLeft99"
"btcreports","block_bit"
"btcreports","HarrietteFarkas"
"btcreports","TommyeKirkendal"
"btcreports","Cryptonic17"
"btcreports","crypto_rush"
"btcreports","TheeJimmyCox"
"btcreports","UnconfirmedTxns"
"btcreports","Crypto_Monkeyo"
"btcreports","Bitcoin_UAE"
"btcreports","bitcoinnewsweb"
"btcreports","Soc_Currency"
"btcreports","bitcointonic"
"btcreports","socialnewstweet"
"btcreports","socmediaimpact"
"btcreports","Just_JUNO"
"btcreports","ondhro1"
"btcreports","TheSideHusband"
"btcreports","TheBlockchain"
"betbtc","reubeng0"
"betbtc","FeesBitcoin"
"betbtc","BtcPulse"
"betbtc","TboneMacdonald"
"betbtc","antoni161273"
"betbtc","CHP_the_RIPPER"
"betbtc","btcbeehive"
"betbtc","miamipeoria"
"betbtc","CarlaCoinsNLegs"
"betbtc","adam3us"
"betbtc","MIParentalRlght"
"betbtc","blockchainbot"
"betbtc","maestrejoseg"
"betbtc","Kayy_Kayy_44"
"betbtc","realSatoshiN"
"betbtc","mempool_stats"
"betbtc","JacekSalaj"
"betbtc","CryptoKid77"
"betbtc","BitcoinCashApp"
"crypto_rush","block_bit"
"crypto_rush","HarrietteFarkas"
"crypto_rush","TommyeKirkendal"
"crypto_rush","Cryptonic17"
"crypto_rush","btcreports"
"crypto_rush","TheeJimmyCox"
"crypto_rush","UnconfirmedTxns"
"crypto_rush","Crypto_Monkeyo"
"crypto_rush","Bitcoin_UAE"
"crypto_rush","bitcoinnewsweb"
"crypto_rush","Soc_Currency"
"crypto_rush","bitcointonic"
"crypto_rush","socialnewstweet"
"crypto_rush","socmediaimpact"
"crypto_rush","Just_JUNO"
"crypto_rush","ondhro1"
"crypto_rush","TheSideHusband"
"crypto_rush","TheBlockchain"
"TheeJimmyCox","block_bit"
"TheeJimmyCox","HarrietteFarkas"
"TheeJimmyCox","TommyeKirkendal"
"TheeJimmyCox","Cryptonic17"
"TheeJimmyCox","btcreports"
"TheeJimmyCox","crypto_rush"
"TheeJimmyCox","UnconfirmedTxns"
"TheeJimmyCox","Crypto_Monkeyo"
"TheeJimmyCox","Bitcoin_UAE"
"TheeJimmyCox","bitcoinnewsweb"
"TheeJimmyCox","Soc_Currency"
"TheeJimmyCox","bitcointonic"
"TheeJimmyCox","socialnewstweet"
"TheeJimmyCox","socmediaimpact"
"TheeJimmyCox","Just_JUNO"
"TheeJimmyCox","ondhro1"
"TheeJimmyCox","TheSideHusband"
"TheeJimmyCox","TheBlockchain"
"CryptoSeven","abidoank12"
"CryptoSeven","CityofInvestmnt"
"CryptoSeven","strange10change"
"CryptoSeven","coinradar_io"
"CryptoSeven","Chey999"
"CryptoSeven","Ragnarly"
"CryptoSeven","Nationalacrobat"
"CryptoSeven","CryptoStacking"
"CryptoSeven","bitcoin_miner_"
"CryptoSeven","socialstartnow"
"CryptoSeven","Kandy_LOVE_94"
"CryptoSeven","RTrobby"
"CryptoSeven","BrutallyDoke"
"CryptoSeven","bitcoinfirehose"
"CryptoSeven","socialirnews"
"CryptoSeven","GetOvarIt"
"CryptoSeven","1JustinMcCollum"
"CryptoSeven","hotload2000"
"CryptoSeven","KalEl_1987"
"CryptoSeven","btc_update"
"CryptoSeven","MikeAlden2012"
"BitcoinKacDolar","sabbir1133"
"BitcoinKacDolar","iam_rahul555"
"BitcoinKacDolar","PatPrivilege"
"BitcoinKacDolar","s_H4k4"
"BitcoinKacDolar","getitoutnow"
"BitcoinKacDolar","steemero"
"BitcoinKacDolar","ssn4marketing"
"BitcoinKacDolar","37angelsny"
"BitcoinKacDolar","TheBitForum"
"BitcoinKacDolar","NazzyN21"
"BitcoinKacDolar","DMVLife1"
"BitcoinKacDolar","tell_taylor"
"coinstats","EvaBlaisdell"
"coinstats","eiyeorch"
"coinstats","Torosernjacks"
"coinstats","mvasey"
"coinstats","CogitoErgoCode"
"coinstats","TAHARARALAN"
"coinstats","BTCticker"
"coinstats","Bitmoeda"
"coinstats","jmvillegast"
"coinstats","UndersHead"
"coinstats","BASSLINE_BOP2"
"coinstats","matslats"
"coinstats","Buddhamangler"
"coinstats","MattLeft99"
"UnconfirmedTxns","block_bit"
"UnconfirmedTxns","HarrietteFarkas"
"UnconfirmedTxns","TommyeKirkendal"
"UnconfirmedTxns","Cryptonic17"
"UnconfirmedTxns","btcreports"
"UnconfirmedTxns","crypto_rush"
"UnconfirmedTxns","TheeJimmyCox"
"UnconfirmedTxns","Crypto_Monkeyo"
"UnconfirmedTxns","Bitcoin_UAE"
"UnconfirmedTxns","bitcoinnewsweb"
"UnconfirmedTxns","Soc_Currency"
"UnconfirmedTxns","bitcointonic"
"UnconfirmedTxns","socialnewstweet"
"UnconfirmedTxns","socmediaimpact"
"UnconfirmedTxns","Just_JUNO"
"UnconfirmedTxns","ondhro1"
"UnconfirmedTxns","TheSideHusband"
"UnconfirmedTxns","TheBlockchain"
"BTCdominance","StreamIn_"
"BTCdominance","CryptoRidiculo"
"BTCdominance","whaleclubco"
"BTCdominance","BitcoinSpreads"
"BTCdominance","latigo661"
"BTCdominance","ESellhamer"
"BTCdominance","BitcoinInvest24"
"BTCdominance","socmrktng"
"BTCdominance","jeffvillalobos3"
"BTCdominance","CryptNotBlood"
"BTCdominance","egaconsulting"
"BTCdominance","findingreview"
"BTCdominance","hexagram_power"
"BTCdominance","Crystal0182"
"BTCdominance","cryptomiao"
"BTCdominance","eStream_Studios"
"BTCdominance","CA_Minho25"
"BTCdominance","shushmashri21"
"BTCdominance","Priya_upala"
"BTCdominance","michael55038689"
"digitaljournal","wavesprice"
"digitaljournal","dc77ae00b817435"
"digitaljournal","blkchdemcy"
"digitaljournal","tommyalvarez81"
"digitaljournal","henrynburton"
"digitaljournal","socialstocksnow"
"digitaljournal","ssn1tweet"
"digitaljournal","VeryVeriViral"
"Anon_Emy","vkeyxyz"
"Anon_Emy","chrisleu2"
"Anon_Emy","bitstein"
"Anon_Emy","steveouttrim"
"Anon_Emy","eprocentteam"
"Anon_Emy","BitcoinWrld"
"Anon_Emy","NeilOKeefe"
"Anon_Emy","djprincealby"
"Anon_Emy","fakent_"
"Anon_Emy","TugBoatTrader"
"TboneMacdonald","reubeng0"
"TboneMacdonald","FeesBitcoin"
"TboneMacdonald","BtcPulse"
"TboneMacdonald","betbtc"
"TboneMacdonald","antoni161273"
"TboneMacdonald","CHP_the_RIPPER"
"TboneMacdonald","btcbeehive"
"TboneMacdonald","miamipeoria"
"TboneMacdonald","CarlaCoinsNLegs"
"TboneMacdonald","adam3us"
"TboneMacdonald","MIParentalRlght"
"TboneMacdonald","blockchainbot"
"TboneMacdonald","maestrejoseg"
"TboneMacdonald","Kayy_Kayy_44"
"TboneMacdonald","realSatoshiN"
"TboneMacdonald","mempool_stats"
"TboneMacdonald","JacekSalaj"
"TboneMacdonald","CryptoKid77"
"TboneMacdonald","BitcoinCashApp"
"Chey999","abidoank12"
"Chey999","CityofInvestmnt"
"Chey999","strange10change"
"Chey999","coinradar_io"
"Chey999","CryptoSeven"
"Chey999","Ragnarly"
"Chey999","Nationalacrobat"
"Chey999","CryptoStacking"
"Chey999","bitcoin_miner_"
"Chey999","socialstartnow"
"Chey999","Kandy_LOVE_94"
"Chey999","RTrobby"
"Chey999","BrutallyDoke"
"Chey999","bitcoinfirehose"
"Chey999","socialirnews"
"Chey999","GetOvarIt"
"Chey999","1JustinMcCollum"
"Chey999","hotload2000"
"Chey999","KalEl_1987"
"Chey999","btc_update"
"Chey999","MikeAlden2012"
"bitstein","vkeyxyz"
"bitstein","chrisleu2"
"bitstein","Anon_Emy"
"bitstein","steveouttrim"
"bitstein","eprocentteam"
"bitstein","BitcoinWrld"
"bitstein","NeilOKeefe"
"bitstein","djprincealby"
"bitstein","fakent_"
"bitstein","TugBoatTrader"
"antoni161273","reubeng0"
"antoni161273","FeesBitcoin"
"antoni161273","BtcPulse"
"antoni161273","betbtc"
"antoni161273","TboneMacdonald"
"antoni161273","CHP_the_RIPPER"
"antoni161273","btcbeehive"
"antoni161273","miamipeoria"
"antoni161273","CarlaCoinsNLegs"
"antoni161273","adam3us"
"antoni161273","MIParentalRlght"
"antoni161273","blockchainbot"
"antoni161273","maestrejoseg"
"antoni161273","Kayy_Kayy_44"
"antoni161273","realSatoshiN"
"antoni161273","mempool_stats"
"antoni161273","JacekSalaj"
"antoni161273","CryptoKid77"
"antoni161273","BitcoinCashApp"
"Bitmoeda","EvaBlaisdell"
"Bitmoeda","eiyeorch"
"Bitmoeda","Torosernjacks"
"Bitmoeda","mvasey"
"Bitmoeda","CogitoErgoCode"
"Bitmoeda","TAHARARALAN"
"Bitmoeda","BTCticker"
"Bitmoeda","coinstats"
"Bitmoeda","jmvillegast"
"Bitmoeda","UndersHead"
"Bitmoeda","BASSLINE_BOP2"
"Bitmoeda","matslats"
"Bitmoeda","Buddhamangler"
"Bitmoeda","MattLeft99"
"steveouttrim","vkeyxyz"
"steveouttrim","chrisleu2"
"steveouttrim","Anon_Emy"
"steveouttrim","bitstein"
"steveouttrim","eprocentteam"
"steveouttrim","BitcoinWrld"
"steveouttrim","NeilOKeefe"
"steveouttrim","djprincealby"
"steveouttrim","fakent_"
"steveouttrim","TugBoatTrader"
"Ragnarly","abidoank12"
"Ragnarly","CityofInvestmnt"
"Ragnarly","strange10change"
"Ragnarly","coinradar_io"
"Ragnarly","CryptoSeven"
"Ragnarly","Chey999"
"Ragnarly","Nationalacrobat"
"Ragnarly","CryptoStacking"
"Ragnarly","bitcoin_miner_"
"Ragnarly","socialstartnow"
"Ragnarly","Kandy_LOVE_94"
"Ragnarly","RTrobby"
"Ragnarly","BrutallyDoke"
"Ragnarly","bitcoinfirehose"
"Ragnarly","socialirnews"
"Ragnarly","GetOvarIt"
"Ragnarly","1JustinMcCollum"
"Ragnarly","hotload2000"
"Ragnarly","KalEl_1987"
"Ragnarly","btc_update"
"Ragnarly","MikeAlden2012"
"khichariya1","topfashionideas"
"khichariya1","CryptoJauregui"
"khichariya1","Polite_Jerk"
"khichariya1","BitcoinOps"
"khichariya1","darren_yan"
"khichariya1","dodadopp"
"khichariya1","LudwigsenAngila"
"khichariya1","sydni519"
"khichariya1","socialprnews"
"khichariya1","RandallGoulding"
"khichariya1","hitjo"
"khichariya1","CryptoW0rld"
"CHP_the_RIPPER","reubeng0"
"CHP_the_RIPPER","FeesBitcoin"
"CHP_the_RIPPER","BtcPulse"
"CHP_the_RIPPER","betbtc"
"CHP_the_RIPPER","TboneMacdonald"
"CHP_the_RIPPER","antoni161273"
"CHP_the_RIPPER","btcbeehive"
"CHP_the_RIPPER","miamipeoria"
"CHP_the_RIPPER","CarlaCoinsNLegs"
"CHP_the_RIPPER","adam3us"
"CHP_the_RIPPER","MIParentalRlght"
"CHP_the_RIPPER","blockchainbot"
"CHP_the_RIPPER","maestrejoseg"
"CHP_the_RIPPER","Kayy_Kayy_44"
"CHP_the_RIPPER","realSatoshiN"
"CHP_the_RIPPER","mempool_stats"
"CHP_the_RIPPER","JacekSalaj"
"CHP_the_RIPPER","CryptoKid77"
"CHP_the_RIPPER","BitcoinCashApp"
"latigo661","StreamIn_"
"latigo661","CryptoRidiculo"
"latigo661","whaleclubco"
"latigo661","BitcoinSpreads"
"latigo661","BTCdominance"
"latigo661","ESellhamer"
"latigo661","BitcoinInvest24"
"latigo661","socmrktng"
"latigo661","jeffvillalobos3"
"latigo661","CryptNotBlood"
"latigo661","egaconsulting"
"latigo661","findingreview"
"latigo661","hexagram_power"
"latigo661","Crystal0182"
"latigo661","cryptomiao"
"latigo661","eStream_Studios"
"latigo661","CA_Minho25"
"latigo661","shushmashri21"
"latigo661","Priya_upala"
"latigo661","michael55038689"
"GlencieR","mktm9871"
"GlencieR","juliarahma1995"
"GlencieR","nowsocialinc"
"GlencieR","FTS_Billing"
"GlencieR","politicalHEDGE"
"GlencieR","roni20731"
"GlencieR","goldseek"
"GlencieR","btcmrkts"
"GlencieR","davidar12"
"GlencieR","leola_joergen"
"GlencieR","OmegaLuther"
"GlencieR","eBargainsToday"
"GlencieR","markuspdee"
"Crypto_Monkeyo","block_bit"
"Crypto_Monkeyo","HarrietteFarkas"
"Crypto_Monkeyo","TommyeKirkendal"
"Crypto_Monkeyo","Cryptonic17"
"Crypto_Monkeyo","btcreports"
"Crypto_Monkeyo","crypto_rush"
"Crypto_Monkeyo","TheeJimmyCox"
"Crypto_Monkeyo","UnconfirmedTxns"
"Crypto_Monkeyo","Bitcoin_UAE"
"Crypto_Monkeyo","bitcoinnewsweb"
"Crypto_Monkeyo","Soc_Currency"
"Crypto_Monkeyo","bitcointonic"
"Crypto_Monkeyo","socialnewstweet"
"Crypto_Monkeyo","socmediaimpact"
"Crypto_Monkeyo","Just_JUNO"
"Crypto_Monkeyo","ondhro1"
"Crypto_Monkeyo","TheSideHusband"
"Crypto_Monkeyo","TheBlockchain"
"Nationalacrobat","abidoank12"
"Nationalacrobat","CityofInvestmnt"
"Nationalacrobat","strange10change"
"Nationalacrobat","coinradar_io"
"Nationalacrobat","CryptoSeven"
"Nationalacrobat","Chey999"
"Nationalacrobat","Ragnarly"
"Nationalacrobat","CryptoStacking"
"Nationalacrobat","bitcoin_miner_"
"Nationalacrobat","socialstartnow"
"Nationalacrobat","Kandy_LOVE_94"
"Nationalacrobat","RTrobby"
"Nationalacrobat","BrutallyDoke"
"Nationalacrobat","bitcoinfirehose"
"Nationalacrobat","socialirnews"
"Nationalacrobat","GetOvarIt"
"Nationalacrobat","1JustinMcCollum"
"Nationalacrobat","hotload2000"
"Nationalacrobat","KalEl_1987"
"Nationalacrobat","btc_update"
"Nationalacrobat","MikeAlden2012"
"blkchdemcy","wavesprice"
"blkchdemcy","dc77ae00b817435"
"blkchdemcy","digitaljournal"
"blkchdemcy","tommyalvarez81"
"blkchdemcy","henrynburton"
"blkchdemcy","socialstocksnow"
"blkchdemcy","ssn1tweet"
"blkchdemcy","VeryVeriViral"
"btcbeehive","reubeng0"
"btcbeehive","FeesBitcoin"
"btcbeehive","BtcPulse"
"btcbeehive","betbtc"
"btcbeehive","TboneMacdonald"
"btcbeehive","antoni161273"
"btcbeehive","CHP_the_RIPPER"
"btcbeehive","miamipeoria"
"btcbeehive","CarlaCoinsNLegs"
"btcbeehive","adam3us"
"btcbeehive","MIParentalRlght"
"btcbeehive","blockchainbot"
"btcbeehive","maestrejoseg"
"btcbeehive","Kayy_Kayy_44"
"btcbeehive","realSatoshiN"
"btcbeehive","mempool_stats"
"btcbeehive","JacekSalaj"
"btcbeehive","CryptoKid77"
"btcbeehive","BitcoinCashApp"
"Bitcoin_UAE","block_bit"
"Bitcoin_UAE","HarrietteFarkas"
"Bitcoin_UAE","TommyeKirkendal"
"Bitcoin_UAE","Cryptonic17"
"Bitcoin_UAE","btcreports"
"Bitcoin_UAE","crypto_rush"
"Bitcoin_UAE","TheeJimmyCox"
"Bitcoin_UAE","UnconfirmedTxns"
"Bitcoin_UAE","Crypto_Monkeyo"
"Bitcoin_UAE","bitcoinnewsweb"
"Bitcoin_UAE","Soc_Currency"
"Bitcoin_UAE","bitcointonic"
"Bitcoin_UAE","socialnewstweet"
"Bitcoin_UAE","socmediaimpact"
"Bitcoin_UAE","Just_JUNO"
"Bitcoin_UAE","ondhro1"
"Bitcoin_UAE","TheSideHusband"
"Bitcoin_UAE","TheBlockchain"
"BitcoinUkNews","CryptoPrices_"
"BitcoinUkNews","Coinnnnn_"
"BitcoinUkNews","ibrahimsilence"
"BitcoinUkNews","paleodead"
"BitcoinUkNews","socialstartnews"
"BitcoinUkNews","g0t3nk5"
"BitcoinUkNews","MdKayumUddin2"
"BitcoinUkNews","CryptoNewswire"
"BitcoinUkNews","midousujikun"
"miamipeoria","reubeng0"
"miamipeoria","FeesBitcoin"
"miamipeoria","BtcPulse"
"miamipeoria","betbtc"
"miamipeoria","TboneMacdonald"
"miamipeoria","antoni161273"
"miamipeoria","CHP_the_RIPPER"
"miamipeoria","btcbeehive"
"miamipeoria","CarlaCoinsNLegs"
"miamipeoria","adam3us"
"miamipeoria","MIParentalRlght"
"miamipeoria","blockchainbot"
"miamipeoria","maestrejoseg"
"miamipeoria","Kayy_Kayy_44"
"miamipeoria","realSatoshiN"
"miamipeoria","mempool_stats"
"miamipeoria","JacekSalaj"
"miamipeoria","CryptoKid77"
"miamipeoria","BitcoinCashApp"
"CryptoStacking","abidoank12"
"CryptoStacking","CityofInvestmnt"
"CryptoStacking","strange10change"
"CryptoStacking","coinradar_io"
"CryptoStacking","CryptoSeven"
"CryptoStacking","Chey999"
"CryptoStacking","Ragnarly"
"CryptoStacking","Nationalacrobat"
"CryptoStacking","bitcoin_miner_"
"CryptoStacking","socialstartnow"
"CryptoStacking","Kandy_LOVE_94"
"CryptoStacking","RTrobby"
"CryptoStacking","BrutallyDoke"
"CryptoStacking","bitcoinfirehose"
"CryptoStacking","socialirnews"
"CryptoStacking","GetOvarIt"
"CryptoStacking","1JustinMcCollum"
"CryptoStacking","hotload2000"
"CryptoStacking","KalEl_1987"
"CryptoStacking","btc_update"
"CryptoStacking","MikeAlden2012"
"tommyalvarez81","wavesprice"
"tommyalvarez81","dc77ae00b817435"
"tommyalvarez81","digitaljournal"
"tommyalvarez81","blkchdemcy"
"tommyalvarez81","henrynburton"
"tommyalvarez81","socialstocksnow"
"tommyalvarez81","ssn1tweet"
"tommyalvarez81","VeryVeriViral"
"jmvillegast","EvaBlaisdell"
"jmvillegast","eiyeorch"
"jmvillegast","Torosernjacks"
"jmvillegast","mvasey"
"jmvillegast","CogitoErgoCode"
"jmvillegast","TAHARARALAN"
"jmvillegast","BTCticker"
"jmvillegast","coinstats"
"jmvillegast","Bitmoeda"
"jmvillegast","UndersHead"
"jmvillegast","BASSLINE_BOP2"
"jmvillegast","matslats"
"jmvillegast","Buddhamangler"
"jmvillegast","MattLeft99"
"CarlaCoinsNLegs","reubeng0"
"CarlaCoinsNLegs","FeesBitcoin"
"CarlaCoinsNLegs","BtcPulse"
"CarlaCoinsNLegs","betbtc"
"CarlaCoinsNLegs","TboneMacdonald"
"CarlaCoinsNLegs","antoni161273"
"CarlaCoinsNLegs","CHP_the_RIPPER"
"CarlaCoinsNLegs","btcbeehive"
"CarlaCoinsNLegs","miamipeoria"
"CarlaCoinsNLegs","adam3us"
"CarlaCoinsNLegs","MIParentalRlght"
"CarlaCoinsNLegs","blockchainbot"
"CarlaCoinsNLegs","maestrejoseg"
"CarlaCoinsNLegs","Kayy_Kayy_44"
"CarlaCoinsNLegs","realSatoshiN"
"CarlaCoinsNLegs","mempool_stats"
"CarlaCoinsNLegs","JacekSalaj"
"CarlaCoinsNLegs","CryptoKid77"
"CarlaCoinsNLegs","BitcoinCashApp"
"tigzorr","cryptananda"
"tigzorr","Crypto_Newz"
"tigzorr","rottenwheel"
"tigzorr","ssn3media"
"tigzorr","MzCh11KiETHaNg9"
"tigzorr","KovshBeats"
"tigzorr","King_Tuesday"
"tigzorr","xbtnews"
"tigzorr","jekiedugn1"
"tigzorr","theonevortex"
"tigzorr","McclamNeva"
"adam3us","reubeng0"
"adam3us","FeesBitcoin"
"adam3us","BtcPulse"
"adam3us","betbtc"
"adam3us","TboneMacdonald"
"adam3us","antoni161273"
"adam3us","CHP_the_RIPPER"
"adam3us","btcbeehive"
"adam3us","miamipeoria"
"adam3us","CarlaCoinsNLegs"
"adam3us","MIParentalRlght"
"adam3us","blockchainbot"
"adam3us","maestrejoseg"
"adam3us","Kayy_Kayy_44"
"adam3us","realSatoshiN"
"adam3us","mempool_stats"
"adam3us","JacekSalaj"
"adam3us","CryptoKid77"
"adam3us","BitcoinCashApp"
"bitcoin_miner_","abidoank12"
"bitcoin_miner_","CityofInvestmnt"
"bitcoin_miner_","strange10change"
"bitcoin_miner_","coinradar_io"
"bitcoin_miner_","CryptoSeven"
"bitcoin_miner_","Chey999"
"bitcoin_miner_","Ragnarly"
"bitcoin_miner_","Nationalacrobat"
"bitcoin_miner_","CryptoStacking"
"bitcoin_miner_","socialstartnow"
"bitcoin_miner_","Kandy_LOVE_94"
"bitcoin_miner_","RTrobby"
"bitcoin_miner_","BrutallyDoke"
"bitcoin_miner_","bitcoinfirehose"
"bitcoin_miner_","socialirnews"
"bitcoin_miner_","GetOvarIt"
"bitcoin_miner_","1JustinMcCollum"
"bitcoin_miner_","hotload2000"
"bitcoin_miner_","KalEl_1987"
"bitcoin_miner_","btc_update"
"bitcoin_miner_","MikeAlden2012"
"ibrahimsilence","CryptoPrices_"
"ibrahimsilence","Coinnnnn_"
"ibrahimsilence","BitcoinUkNews"
"ibrahimsilence","paleodead"
"ibrahimsilence","socialstartnews"
"ibrahimsilence","g0t3nk5"
"ibrahimsilence","MdKayumUddin2"
"ibrahimsilence","CryptoNewswire"
"ibrahimsilence","midousujikun"
"ESellhamer","StreamIn_"
"ESellhamer","CryptoRidiculo"
"ESellhamer","whaleclubco"
"ESellhamer","BitcoinSpreads"
"ESellhamer","BTCdominance"
"ESellhamer","latigo661"
"ESellhamer","BitcoinInvest24"
"ESellhamer","socmrktng"
"ESellhamer","jeffvillalobos3"
"ESellhamer","CryptNotBlood"
"ESellhamer","egaconsulting"
"ESellhamer","findingreview"
"ESellhamer","hexagram_power"
"ESellhamer","Crystal0182"
"ESellhamer","cryptomiao"
"ESellhamer","eStream_Studios"
"ESellhamer","CA_Minho25"
"ESellhamer","shushmashri21"
"ESellhamer","Priya_upala"
"ESellhamer","michael55038689"
"MIParentalRlght","reubeng0"
"MIParentalRlght","FeesBitcoin"
"MIParentalRlght","BtcPulse"
"MIParentalRlght","betbtc"
"MIParentalRlght","TboneMacdonald"
"MIParentalRlght","antoni161273"
"MIParentalRlght","CHP_the_RIPPER"
"MIParentalRlght","btcbeehive"
"MIParentalRlght","miamipeoria"
"MIParentalRlght","CarlaCoinsNLegs"
"MIParentalRlght","adam3us"
"MIParentalRlght","blockchainbot"
"MIParentalRlght","maestrejoseg"
"MIParentalRlght","Kayy_Kayy_44"
"MIParentalRlght","realSatoshiN"
"MIParentalRlght","mempool_stats"
"MIParentalRlght","JacekSalaj"
"MIParentalRlght","CryptoKid77"
"MIParentalRlght","BitcoinCashApp"
"henrynburton","wavesprice"
"henrynburton","dc77ae00b817435"
"henrynburton","digitaljournal"
"henrynburton","blkchdemcy"
"henrynburton","tommyalvarez81"
"henrynburton","socialstocksnow"
"henrynburton","ssn1tweet"
"henrynburton","VeryVeriViral"
"mktm9871","GlencieR"
"mktm9871","juliarahma1995"
"mktm9871","nowsocialinc"
"mktm9871","FTS_Billing"
"mktm9871","politicalHEDGE"
"mktm9871","roni20731"
"mktm9871","goldseek"
"mktm9871","btcmrkts"
"mktm9871","davidar12"
"mktm9871","leola_joergen"
"mktm9871","OmegaLuther"
"mktm9871","eBargainsToday"
"mktm9871","markuspdee"
"darren_yan","topfashionideas"
"darren_yan","CryptoJauregui"
"darren_yan","Polite_Jerk"
"darren_yan","BitcoinOps"
"darren_yan","khichariya1"
"darren_yan","dodadopp"
"darren_yan","LudwigsenAngila"
"darren_yan","sydni519"
"darren_yan","socialprnews"
"darren_yan","RandallGoulding"
"darren_yan","hitjo"
"darren_yan","CryptoW0rld"
"bitcoinnewsweb","block_bit"
"bitcoinnewsweb","HarrietteFarkas"
"bitcoinnewsweb","TommyeKirkendal"
"bitcoinnewsweb","Cryptonic17"
"bitcoinnewsweb","btcreports"
"bitcoinnewsweb","crypto_rush"
"bitcoinnewsweb","TheeJimmyCox"
"bitcoinnewsweb","UnconfirmedTxns"
"bitcoinnewsweb","Crypto_Monkeyo"
"bitcoinnewsweb","Bitcoin_UAE"
"bitcoinnewsweb","Soc_Currency"
"bitcoinnewsweb","bitcointonic"
"bitcoinnewsweb","socialnewstweet"
"bitcoinnewsweb","socmediaimpact"
"bitcoinnewsweb","Just_JUNO"
"bitcoinnewsweb","ondhro1"
"bitcoinnewsweb","TheSideHusband"
"bitcoinnewsweb","TheBlockchain"
"juliarahma1995","GlencieR"
"juliarahma1995","mktm9871"
"juliarahma1995","nowsocialinc"
"juliarahma1995","FTS_Billing"
"juliarahma1995","politicalHEDGE"
"juliarahma1995","roni20731"
"juliarahma1995","goldseek"
"juliarahma1995","btcmrkts"
"juliarahma1995","davidar12"
"juliarahma1995","leola_joergen"
"juliarahma1995","OmegaLuther"
"juliarahma1995","eBargainsToday"
"juliarahma1995","markuspdee"
"blockchainbot","reubeng0"
"blockchainbot","FeesBitcoin"
"blockchainbot","BtcPulse"
"blockchainbot","betbtc"
"blockchainbot","TboneMacdonald"
"blockchainbot","antoni161273"
"blockchainbot","CHP_the_RIPPER"
"blockchainbot","btcbeehive"
"blockchainbot","miamipeoria"
"blockchainbot","CarlaCoinsNLegs"
"blockchainbot","adam3us"
"blockchainbot","MIParentalRlght"
"blockchainbot","maestrejoseg"
"blockchainbot","Kayy_Kayy_44"
"blockchainbot","realSatoshiN"
"blockchainbot","mempool_stats"
"blockchainbot","JacekSalaj"
"blockchainbot","CryptoKid77"
"blockchainbot","BitcoinCashApp"
"maestrejoseg","reubeng0"
"maestrejoseg","FeesBitcoin"
"maestrejoseg","BtcPulse"
"maestrejoseg","betbtc"
"maestrejoseg","TboneMacdonald"
"maestrejoseg","antoni161273"
"maestrejoseg","CHP_the_RIPPER"
"maestrejoseg","btcbeehive"
"maestrejoseg","miamipeoria"
"maestrejoseg","CarlaCoinsNLegs"
"maestrejoseg","adam3us"
"maestrejoseg","MIParentalRlght"
"maestrejoseg","blockchainbot"
"maestrejoseg","Kayy_Kayy_44"
"maestrejoseg","realSatoshiN"
"maestrejoseg","mempool_stats"
"maestrejoseg","JacekSalaj"
"maestrejoseg","CryptoKid77"
"maestrejoseg","BitcoinCashApp"
"BitcoinInvest24","StreamIn_"
"BitcoinInvest24","CryptoRidiculo"
"BitcoinInvest24","whaleclubco"
"BitcoinInvest24","BitcoinSpreads"
"BitcoinInvest24","BTCdominance"
"BitcoinInvest24","latigo661"
"BitcoinInvest24","ESellhamer"
"BitcoinInvest24","socmrktng"
"BitcoinInvest24","jeffvillalobos3"
"BitcoinInvest24","CryptNotBlood"
"BitcoinInvest24","egaconsulting"
"BitcoinInvest24","findingreview"
"BitcoinInvest24","hexagram_power"
"BitcoinInvest24","Crystal0182"
"BitcoinInvest24","cryptomiao"
"BitcoinInvest24","eStream_Studios"
"BitcoinInvest24","CA_Minho25"
"BitcoinInvest24","shushmashri21"
"BitcoinInvest24","Priya_upala"
"BitcoinInvest24","michael55038689"
"Soc_Currency","block_bit"
"Soc_Currency","HarrietteFarkas"
"Soc_Currency","TommyeKirkendal"
"Soc_Currency","Cryptonic17"
"Soc_Currency","btcreports"
"Soc_Currency","crypto_rush"
"Soc_Currency","TheeJimmyCox"
"Soc_Currency","UnconfirmedTxns"
"Soc_Currency","Crypto_Monkeyo"
"Soc_Currency","Bitcoin_UAE"
"Soc_Currency","bitcoinnewsweb"
"Soc_Currency","bitcointonic"
"Soc_Currency","socialnewstweet"
"Soc_Currency","socmediaimpact"
"Soc_Currency","Just_JUNO"
"Soc_Currency","ondhro1"
"Soc_Currency","TheSideHusband"
"Soc_Currency","TheBlockchain"
"socialstocksnow","wavesprice"
"socialstocksnow","dc77ae00b817435"
"socialstocksnow","digitaljournal"
"socialstocksnow","blkchdemcy"
"socialstocksnow","tommyalvarez81"
"socialstocksnow","henrynburton"
"socialstocksnow","ssn1tweet"
"socialstocksnow","VeryVeriViral"
"iam_rahul555","sabbir1133"
"iam_rahul555","BitcoinKacDolar"
"iam_rahul555","PatPrivilege"
"iam_rahul555","s_H4k4"
"iam_rahul555","getitoutnow"
"iam_rahul555","steemero"
"iam_rahul555","ssn4marketing"
"iam_rahul555","37angelsny"
"iam_rahul555","TheBitForum"
"iam_rahul555","NazzyN21"
"iam_rahul555","DMVLife1"
"iam_rahul555","tell_taylor"
"PatPrivilege","sabbir1133"
"PatPrivilege","BitcoinKacDolar"
"PatPrivilege","iam_rahul555"
"PatPrivilege","s_H4k4"
"PatPrivilege","getitoutnow"
"PatPrivilege","steemero"
"PatPrivilege","ssn4marketing"
"PatPrivilege","37angelsny"
"PatPrivilege","TheBitForum"
"PatPrivilege","NazzyN21"
"PatPrivilege","DMVLife1"
"PatPrivilege","tell_taylor"
"dodadopp","topfashionideas"
"dodadopp","CryptoJauregui"
"dodadopp","Polite_Jerk"
"dodadopp","BitcoinOps"
"dodadopp","khichariya1"
"dodadopp","darren_yan"
"dodadopp","LudwigsenAngila"
"dodadopp","sydni519"
"dodadopp","socialprnews"
"dodadopp","RandallGoulding"
"dodadopp","hitjo"
"dodadopp","CryptoW0rld"
"s_H4k4","sabbir1133"
"s_H4k4","BitcoinKacDolar"
"s_H4k4","iam_rahul555"
"s_H4k4","PatPrivilege"
"s_H4k4","getitoutnow"
"s_H4k4","steemero"
"s_H4k4","ssn4marketing"
"s_H4k4","37angelsny"
"s_H4k4","TheBitForum"
"s_H4k4","NazzyN21"
"s_H4k4","DMVLife1"
"s_H4k4","tell_taylor"
"LudwigsenAngila","topfashionideas"
"LudwigsenAngila","CryptoJauregui"
"LudwigsenAngila","Polite_Jerk"
"LudwigsenAngila","BitcoinOps"
"LudwigsenAngila","khichariya1"
"LudwigsenAngila","darren_yan"
"LudwigsenAngila","dodadopp"
"LudwigsenAngila","sydni519"
"LudwigsenAngila","socialprnews"
"LudwigsenAngila","RandallGoulding"
"LudwigsenAngila","hitjo"
"LudwigsenAngila","CryptoW0rld"
"eprocentteam","vkeyxyz"
"eprocentteam","chrisleu2"
"eprocentteam","Anon_Emy"
"eprocentteam","bitstein"
"eprocentteam","steveouttrim"
"eprocentteam","BitcoinWrld"
"eprocentteam","NeilOKeefe"
"eprocentteam","djprincealby"
"eprocentteam","fakent_"
"eprocentteam","TugBoatTrader"
"bitcointonic","block_bit"
"bitcointonic","HarrietteFarkas"
"bitcointonic","TommyeKirkendal"
"bitcointonic","Cryptonic17"
"bitcointonic","btcreports"
"bitcointonic","crypto_rush"
"bitcointonic","TheeJimmyCox"
"bitcointonic","UnconfirmedTxns"
"bitcointonic","Crypto_Monkeyo"
"bitcointonic","Bitcoin_UAE"
"bitcointonic","bitcoinnewsweb"
"bitcointonic","Soc_Currency"
"bitcointonic","socialnewstweet"
"bitcointonic","socmediaimpact"
"bitcointonic","Just_JUNO"
"bitcointonic","ondhro1"
"bitcointonic","TheSideHusband"
"bitcointonic","TheBlockchain"
"socmrktng","StreamIn_"
"socmrktng","CryptoRidiculo"
"socmrktng","whaleclubco"
"socmrktng","BitcoinSpreads"
"socmrktng","BTCdominance"
"socmrktng","latigo661"
"socmrktng","ESellhamer"
"socmrktng","BitcoinInvest24"
"socmrktng","jeffvillalobos3"
"socmrktng","CryptNotBlood"
"socmrktng","egaconsulting"
"socmrktng","findingreview"
"socmrktng","hexagram_power"
"socmrktng","Crystal0182"
"socmrktng","cryptomiao"
"socmrktng","eStream_Studios"
"socmrktng","CA_Minho25"
"socmrktng","shushmashri21"
"socmrktng","Priya_upala"
"socmrktng","michael55038689"
"socialstartnow","abidoank12"
"socialstartnow","CityofInvestmnt"
"socialstartnow","strange10change"
"socialstartnow","coinradar_io"
"socialstartnow","CryptoSeven"
"socialstartnow","Chey999"
"socialstartnow","Ragnarly"
"socialstartnow","Nationalacrobat"
"socialstartnow","CryptoStacking"
"socialstartnow","bitcoin_miner_"
"socialstartnow","Kandy_LOVE_94"
"socialstartnow","RTrobby"
"socialstartnow","BrutallyDoke"
"socialstartnow","bitcoinfirehose"
"socialstartnow","socialirnews"
"socialstartnow","GetOvarIt"
"socialstartnow","1JustinMcCollum"
"socialstartnow","hotload2000"
"socialstartnow","KalEl_1987"
"socialstartnow","btc_update"
"socialstartnow","MikeAlden2012"
"nowsocialinc","GlencieR"
"nowsocialinc","mktm9871"
"nowsocialinc","juliarahma1995"
"nowsocialinc","FTS_Billing"
"nowsocialinc","politicalHEDGE"
"nowsocialinc","roni20731"
"nowsocialinc","goldseek"
"nowsocialinc","btcmrkts"
"nowsocialinc","davidar12"
"nowsocialinc","leola_joergen"
"nowsocialinc","OmegaLuther"
"nowsocialinc","eBargainsToday"
"nowsocialinc","markuspdee"
"socialnewstweet","block_bit"
"socialnewstweet","HarrietteFarkas"
"socialnewstweet","TommyeKirkendal"
"socialnewstweet","Cryptonic17"
"socialnewstweet","btcreports"
"socialnewstweet","crypto_rush"
"socialnewstweet","TheeJimmyCox"
"socialnewstweet","UnconfirmedTxns"
"socialnewstweet","Crypto_Monkeyo"
"socialnewstweet","Bitcoin_UAE"
"socialnewstweet","bitcoinnewsweb"
"socialnewstweet","Soc_Currency"
"socialnewstweet","bitcointonic"
"socialnewstweet","socmediaimpact"
"socialnewstweet","Just_JUNO"
"socialnewstweet","ondhro1"
"socialnewstweet","TheSideHusband"
"socialnewstweet","TheBlockchain"
"getitoutnow","sabbir1133"
"getitoutnow","BitcoinKacDolar"
"getitoutnow","iam_rahul555"
"getitoutnow","PatPrivilege"
"getitoutnow","s_H4k4"
"getitoutnow","steemero"
"getitoutnow","ssn4marketing"
"getitoutnow","37angelsny"
"getitoutnow","TheBitForum"
"getitoutnow","NazzyN21"
"getitoutnow","DMVLife1"
"getitoutnow","tell_taylor"
"socmediaimpact","block_bit"
"socmediaimpact","HarrietteFarkas"
"socmediaimpact","TommyeKirkendal"
"socmediaimpact","Cryptonic17"
"socmediaimpact","btcreports"
"socmediaimpact","crypto_rush"
"socmediaimpact","TheeJimmyCox"
"socmediaimpact","UnconfirmedTxns"
"socmediaimpact","Crypto_Monkeyo"
"socmediaimpact","Bitcoin_UAE"
"socmediaimpact","bitcoinnewsweb"
"socmediaimpact","Soc_Currency"
"socmediaimpact","bitcointonic"
"socmediaimpact","socialnewstweet"
"socmediaimpact","Just_JUNO"
"socmediaimpact","ondhro1"
"socmediaimpact","TheSideHusband"
"socmediaimpact","TheBlockchain"
"Just_JUNO","block_bit"
"Just_JUNO","HarrietteFarkas"
"Just_JUNO","TommyeKirkendal"
"Just_JUNO","Cryptonic17"
"Just_JUNO","btcreports"
"Just_JUNO","crypto_rush"
"Just_JUNO","TheeJimmyCox"
"Just_JUNO","UnconfirmedTxns"
"Just_JUNO","Crypto_Monkeyo"
"Just_JUNO","Bitcoin_UAE"
"Just_JUNO","bitcoinnewsweb"
"Just_JUNO","Soc_Currency"
"Just_JUNO","bitcointonic"
"Just_JUNO","socialnewstweet"
"Just_JUNO","socmediaimpact"
"Just_JUNO","ondhro1"
"Just_JUNO","TheSideHusband"
"Just_JUNO","TheBlockchain"
"FTS_Billing","GlencieR"
"FTS_Billing","mktm9871"
"FTS_Billing","juliarahma1995"
"FTS_Billing","nowsocialinc"
"FTS_Billing","politicalHEDGE"
"FTS_Billing","roni20731"
"FTS_Billing","goldseek"
"FTS_Billing","btcmrkts"
"FTS_Billing","davidar12"
"FTS_Billing","leola_joergen"
"FTS_Billing","OmegaLuther"
"FTS_Billing","eBargainsToday"
"FTS_Billing","markuspdee"
"Kandy_LOVE_94","abidoank12"
"Kandy_LOVE_94","CityofInvestmnt"
"Kandy_LOVE_94","strange10change"
"Kandy_LOVE_94","coinradar_io"
"Kandy_LOVE_94","CryptoSeven"
"Kandy_LOVE_94","Chey999"
"Kandy_LOVE_94","Ragnarly"
"Kandy_LOVE_94","Nationalacrobat"
"Kandy_LOVE_94","CryptoStacking"
"Kandy_LOVE_94","bitcoin_miner_"
"Kandy_LOVE_94","socialstartnow"
"Kandy_LOVE_94","RTrobby"
"Kandy_LOVE_94","BrutallyDoke"
"Kandy_LOVE_94","bitcoinfirehose"
"Kandy_LOVE_94","socialirnews"
"Kandy_LOVE_94","GetOvarIt"
"Kandy_LOVE_94","1JustinMcCollum"
"Kandy_LOVE_94","hotload2000"
"Kandy_LOVE_94","KalEl_1987"
"Kandy_LOVE_94","btc_update"
"Kandy_LOVE_94","MikeAlden2012"
"politicalHEDGE","GlencieR"
"politicalHEDGE","mktm9871"
"politicalHEDGE","juliarahma1995"
"politicalHEDGE","nowsocialinc"
"politicalHEDGE","FTS_Billing"
"politicalHEDGE","roni20731"
"politicalHEDGE","goldseek"
"politicalHEDGE","btcmrkts"
"politicalHEDGE","davidar12"
"politicalHEDGE","leola_joergen"
"politicalHEDGE","OmegaLuther"
"politicalHEDGE","eBargainsToday"
"politicalHEDGE","markuspdee"
"jeffvillalobos3","StreamIn_"
"jeffvillalobos3","CryptoRidiculo"
"jeffvillalobos3","whaleclubco"
"jeffvillalobos3","BitcoinSpreads"
"jeffvillalobos3","BTCdominance"
"jeffvillalobos3","latigo661"
"jeffvillalobos3","ESellhamer"
"jeffvillalobos3","BitcoinInvest24"
"jeffvillalobos3","socmrktng"
"jeffvillalobos3","CryptNotBlood"
"jeffvillalobos3","egaconsulting"
"jeffvillalobos3","findingreview"
"jeffvillalobos3","hexagram_power"
"jeffvillalobos3","Crystal0182"
"jeffvillalobos3","cryptomiao"
"jeffvillalobos3","eStream_Studios"
"jeffvillalobos3","CA_Minho25"
"jeffvillalobos3","shushmashri21"
"jeffvillalobos3","Priya_upala"
"jeffvillalobos3","michael55038689"
"RTrobby","abidoank12"
"RTrobby","CityofInvestmnt"
"RTrobby","strange10change"
"RTrobby","coinradar_io"
"RTrobby","CryptoSeven"
"RTrobby","Chey999"
"RTrobby","Ragnarly"
"RTrobby","Nationalacrobat"
"RTrobby","CryptoStacking"
"RTrobby","bitcoin_miner_"
"RTrobby","socialstartnow"
"RTrobby","Kandy_LOVE_94"
"RTrobby","BrutallyDoke"
"RTrobby","bitcoinfirehose"
"RTrobby","socialirnews"
"RTrobby","GetOvarIt"
"RTrobby","1JustinMcCollum"
"RTrobby","hotload2000"
"RTrobby","KalEl_1987"
"RTrobby","btc_update"
"RTrobby","MikeAlden2012"
"steemero","sabbir1133"
"steemero","BitcoinKacDolar"
"steemero","iam_rahul555"
"steemero","PatPrivilege"
"steemero","s_H4k4"
"steemero","getitoutnow"
"steemero","ssn4marketing"
"steemero","37angelsny"
"steemero","TheBitForum"
"steemero","NazzyN21"
"steemero","DMVLife1"
"steemero","tell_taylor"
"BitcoinWrld","vkeyxyz"
"BitcoinWrld","chrisleu2"
"BitcoinWrld","Anon_Emy"
"BitcoinWrld","bitstein"
"BitcoinWrld","steveouttrim"
"BitcoinWrld","eprocentteam"
"BitcoinWrld","NeilOKeefe"
"BitcoinWrld","djprincealby"
"BitcoinWrld","fakent_"
"BitcoinWrld","TugBoatTrader"
"BrutallyDoke","abidoank12"
"BrutallyDoke","CityofInvestmnt"
"BrutallyDoke","strange10change"
"BrutallyDoke","coinradar_io"
"BrutallyDoke","CryptoSeven"
"BrutallyDoke","Chey999"
"BrutallyDoke","Ragnarly"
"BrutallyDoke","Nationalacrobat"
"BrutallyDoke","CryptoStacking"
"BrutallyDoke","bitcoin_miner_"
"BrutallyDoke","socialstartnow"
"BrutallyDoke","Kandy_LOVE_94"
"BrutallyDoke","RTrobby"
"BrutallyDoke","bitcoinfirehose"
"BrutallyDoke","socialirnews"
"BrutallyDoke","GetOvarIt"
"BrutallyDoke","1JustinMcCollum"
"BrutallyDoke","hotload2000"
"BrutallyDoke","KalEl_1987"
"BrutallyDoke","btc_update"
"BrutallyDoke","MikeAlden2012"
"paleodead","CryptoPrices_"
"paleodead","Coinnnnn_"
"paleodead","BitcoinUkNews"
"paleodead","ibrahimsilence"
"paleodead","socialstartnews"
"paleodead","g0t3nk5"
"paleodead","MdKayumUddin2"
"paleodead","CryptoNewswire"
"paleodead","midousujikun"
"sydni519","topfashionideas"
"sydni519","CryptoJauregui"
"sydni519","Polite_Jerk"
"sydni519","BitcoinOps"
"sydni519","khichariya1"
"sydni519","darren_yan"
"sydni519","dodadopp"
"sydni519","LudwigsenAngila"
"sydni519","socialprnews"
"sydni519","RandallGoulding"
"sydni519","hitjo"
"sydni519","CryptoW0rld"
"bitcoinfirehose","abidoank12"
"bitcoinfirehose","CityofInvestmnt"
"bitcoinfirehose","strange10change"
"bitcoinfirehose","coinradar_io"
"bitcoinfirehose","CryptoSeven"
"bitcoinfirehose","Chey999"
"bitcoinfirehose","Ragnarly"
"bitcoinfirehose","Nationalacrobat"
"bitcoinfirehose","CryptoStacking"
"bitcoinfirehose","bitcoin_miner_"
"bitcoinfirehose","socialstartnow"
"bitcoinfirehose","Kandy_LOVE_94"
"bitcoinfirehose","RTrobby"
"bitcoinfirehose","BrutallyDoke"
"bitcoinfirehose","socialirnews"
"bitcoinfirehose","GetOvarIt"
"bitcoinfirehose","1JustinMcCollum"
"bitcoinfirehose","hotload2000"
"bitcoinfirehose","KalEl_1987"
"bitcoinfirehose","btc_update"
"bitcoinfirehose","MikeAlden2012"
"CryptNotBlood","StreamIn_"
"CryptNotBlood","CryptoRidiculo"
"CryptNotBlood","whaleclubco"
"CryptNotBlood","BitcoinSpreads"
"CryptNotBlood","BTCdominance"
"CryptNotBlood","latigo661"
"CryptNotBlood","ESellhamer"
"CryptNotBlood","BitcoinInvest24"
"CryptNotBlood","socmrktng"
"CryptNotBlood","jeffvillalobos3"
"CryptNotBlood","egaconsulting"
"CryptNotBlood","findingreview"
"CryptNotBlood","hexagram_power"
"CryptNotBlood","Crystal0182"
"CryptNotBlood","cryptomiao"
"CryptNotBlood","eStream_Studios"
"CryptNotBlood","CA_Minho25"
"CryptNotBlood","shushmashri21"
"CryptNotBlood","Priya_upala"
"CryptNotBlood","michael55038689"
"socialprnews","topfashionideas"
"socialprnews","CryptoJauregui"
"socialprnews","Polite_Jerk"
"socialprnews","BitcoinOps"
"socialprnews","khichariya1"
"socialprnews","darren_yan"
"socialprnews","dodadopp"
"socialprnews","LudwigsenAngila"
"socialprnews","sydni519"
"socialprnews","RandallGoulding"
"socialprnews","hitjo"
"socialprnews","CryptoW0rld"
"socialirnews","abidoank12"
"socialirnews","CityofInvestmnt"
"socialirnews","strange10change"
"socialirnews","coinradar_io"
"socialirnews","CryptoSeven"
"socialirnews","Chey999"
"socialirnews","Ragnarly"
"socialirnews","Nationalacrobat"
"socialirnews","CryptoStacking"
"socialirnews","bitcoin_miner_"
"socialirnews","socialstartnow"
"socialirnews","Kandy_LOVE_94"
"socialirnews","RTrobby"
"socialirnews","BrutallyDoke"
"socialirnews","bitcoinfirehose"
"socialirnews","GetOvarIt"
"socialirnews","1JustinMcCollum"
"socialirnews","hotload2000"
"socialirnews","KalEl_1987"
"socialirnews","btc_update"
"socialirnews","MikeAlden2012"
"RandallGoulding","topfashionideas"
"RandallGoulding","CryptoJauregui"
"RandallGoulding","Polite_Jerk"
"RandallGoulding","BitcoinOps"
"RandallGoulding","khichariya1"
"RandallGoulding","darren_yan"
"RandallGoulding","dodadopp"
"RandallGoulding","LudwigsenAngila"
"RandallGoulding","sydni519"
"RandallGoulding","socialprnews"
"RandallGoulding","hitjo"
"RandallGoulding","CryptoW0rld"
"ssn3media","cryptananda"
"ssn3media","Crypto_Newz"
"ssn3media","rottenwheel"
"ssn3media","tigzorr"
"ssn3media","MzCh11KiETHaNg9"
"ssn3media","KovshBeats"
"ssn3media","King_Tuesday"
"ssn3media","xbtnews"
"ssn3media","jekiedugn1"
"ssn3media","theonevortex"
"ssn3media","McclamNeva"
"socialstartnews","CryptoPrices_"
"socialstartnews","Coinnnnn_"
"socialstartnews","BitcoinUkNews"
"socialstartnews","ibrahimsilence"
"socialstartnews","paleodead"
"socialstartnews","g0t3nk5"
"socialstartnews","MdKayumUddin2"
"socialstartnews","CryptoNewswire"
"socialstartnews","midousujikun"
"ssn1tweet","wavesprice"
"ssn1tweet","dc77ae00b817435"
"ssn1tweet","digitaljournal"
"ssn1tweet","blkchdemcy"
"ssn1tweet","tommyalvarez81"
"ssn1tweet","henrynburton"
"ssn1tweet","socialstocksnow"
"ssn1tweet","VeryVeriViral"
"ssn4marketing","sabbir1133"
"ssn4marketing","BitcoinKacDolar"
"ssn4marketing","iam_rahul555"
"ssn4marketing","PatPrivilege"
"ssn4marketing","s_H4k4"
"ssn4marketing","getitoutnow"
"ssn4marketing","steemero"
"ssn4marketing","37angelsny"
"ssn4marketing","TheBitForum"
"ssn4marketing","NazzyN21"
"ssn4marketing","DMVLife1"
"ssn4marketing","tell_taylor"
"GetOvarIt","abidoank12"
"GetOvarIt","CityofInvestmnt"
"GetOvarIt","strange10change"
"GetOvarIt","coinradar_io"
"GetOvarIt","CryptoSeven"
"GetOvarIt","Chey999"
"GetOvarIt","Ragnarly"
"GetOvarIt","Nationalacrobat"
"GetOvarIt","CryptoStacking"
"GetOvarIt","bitcoin_miner_"
"GetOvarIt","socialstartnow"
"GetOvarIt","Kandy_LOVE_94"
"GetOvarIt","RTrobby"
"GetOvarIt","BrutallyDoke"
"GetOvarIt","bitcoinfirehose"
"GetOvarIt","socialirnews"
"GetOvarIt","1JustinMcCollum"
"GetOvarIt","hotload2000"
"GetOvarIt","KalEl_1987"
"GetOvarIt","btc_update"
"GetOvarIt","MikeAlden2012"
"1JustinMcCollum","abidoank12"
"1JustinMcCollum","CityofInvestmnt"
"1JustinMcCollum","strange10change"
"1JustinMcCollum","coinradar_io"
"1JustinMcCollum","CryptoSeven"
"1JustinMcCollum","Chey999"
"1JustinMcCollum","Ragnarly"
"1JustinMcCollum","Nationalacrobat"
"1JustinMcCollum","CryptoStacking"
"1JustinMcCollum","bitcoin_miner_"
"1JustinMcCollum","socialstartnow"
"1JustinMcCollum","Kandy_LOVE_94"
"1JustinMcCollum","RTrobby"
"1JustinMcCollum","BrutallyDoke"
"1JustinMcCollum","bitcoinfirehose"
"1JustinMcCollum","socialirnews"
"1JustinMcCollum","GetOvarIt"
"1JustinMcCollum","hotload2000"
"1JustinMcCollum","KalEl_1987"
"1JustinMcCollum","btc_update"
"1JustinMcCollum","MikeAlden2012"
"hotload2000","abidoank12"
"hotload2000","CityofInvestmnt"
"hotload2000","strange10change"
"hotload2000","coinradar_io"
"hotload2000","CryptoSeven"
"hotload2000","Chey999"
"hotload2000","Ragnarly"
"hotload2000","Nationalacrobat"
"hotload2000","CryptoStacking"
"hotload2000","bitcoin_miner_"
"hotload2000","socialstartnow"
"hotload2000","Kandy_LOVE_94"
"hotload2000","RTrobby"
"hotload2000","BrutallyDoke"
"hotload2000","bitcoinfirehose"
"hotload2000","socialirnews"
"hotload2000","GetOvarIt"
"hotload2000","1JustinMcCollum"
"hotload2000","KalEl_1987"
"hotload2000","btc_update"
"hotload2000","MikeAlden2012"
"MzCh11KiETHaNg9","cryptananda"
"MzCh11KiETHaNg9","Crypto_Newz"
"MzCh11KiETHaNg9","rottenwheel"
"MzCh11KiETHaNg9","tigzorr"
"MzCh11KiETHaNg9","ssn3media"
"MzCh11KiETHaNg9","KovshBeats"
"MzCh11KiETHaNg9","King_Tuesday"
"MzCh11KiETHaNg9","xbtnews"
"MzCh11KiETHaNg9","jekiedugn1"
"MzCh11KiETHaNg9","theonevortex"
"MzCh11KiETHaNg9","McclamNeva"
"KovshBeats","cryptananda"
"KovshBeats","Crypto_Newz"
"KovshBeats","rottenwheel"
"KovshBeats","tigzorr"
"KovshBeats","ssn3media"
"KovshBeats","MzCh11KiETHaNg9"
"KovshBeats","King_Tuesday"
"KovshBeats","xbtnews"
"KovshBeats","jekiedugn1"
"KovshBeats","theonevortex"
"KovshBeats","McclamNeva"
"roni20731","GlencieR"
"roni20731","mktm9871"
"roni20731","juliarahma1995"
"roni20731","nowsocialinc"
"roni20731","FTS_Billing"
"roni20731","politicalHEDGE"
"roni20731","goldseek"
"roni20731","btcmrkts"
"roni20731","davidar12"
"roni20731","leola_joergen"
"roni20731","OmegaLuther"
"roni20731","eBargainsToday"
"roni20731","markuspdee"
"Kayy_Kayy_44","reubeng0"
"Kayy_Kayy_44","FeesBitcoin"
"Kayy_Kayy_44","BtcPulse"
"Kayy_Kayy_44","betbtc"
"Kayy_Kayy_44","TboneMacdonald"
"Kayy_Kayy_44","antoni161273"
"Kayy_Kayy_44","CHP_the_RIPPER"
"Kayy_Kayy_44","btcbeehive"
"Kayy_Kayy_44","miamipeoria"
"Kayy_Kayy_44","CarlaCoinsNLegs"
"Kayy_Kayy_44","adam3us"
"Kayy_Kayy_44","MIParentalRlght"
"Kayy_Kayy_44","blockchainbot"
"Kayy_Kayy_44","maestrejoseg"
"Kayy_Kayy_44","realSatoshiN"
"Kayy_Kayy_44","mempool_stats"
"Kayy_Kayy_44","JacekSalaj"
"Kayy_Kayy_44","CryptoKid77"
"Kayy_Kayy_44","BitcoinCashApp"
"ondhro1","block_bit"
"ondhro1","HarrietteFarkas"
"ondhro1","TommyeKirkendal"
"ondhro1","Cryptonic17"
"ondhro1","btcreports"
"ondhro1","crypto_rush"
"ondhro1","TheeJimmyCox"
"ondhro1","UnconfirmedTxns"
"ondhro1","Crypto_Monkeyo"
"ondhro1","Bitcoin_UAE"
"ondhro1","bitcoinnewsweb"
"ondhro1","Soc_Currency"
"ondhro1","bitcointonic"
"ondhro1","socialnewstweet"
"ondhro1","socmediaimpact"
"ondhro1","Just_JUNO"
"ondhro1","TheSideHusband"
"ondhro1","TheBlockchain"
"UndersHead","EvaBlaisdell"
"UndersHead","eiyeorch"
"UndersHead","Torosernjacks"
"UndersHead","mvasey"
"UndersHead","CogitoErgoCode"
"UndersHead","TAHARARALAN"
"UndersHead","BTCticker"
"UndersHead","coinstats"
"UndersHead","Bitmoeda"
"UndersHead","jmvillegast"
"UndersHead","BASSLINE_BOP2"
"UndersHead","matslats"
"UndersHead","Buddhamangler"
"UndersHead","MattLeft99"
"TheSideHusband","block_bit"
"TheSideHusband","HarrietteFarkas"
"TheSideHusband","TommyeKirkendal"
"TheSideHusband","Cryptonic17"
"TheSideHusband","btcreports"
"TheSideHusband","crypto_rush"
"TheSideHusband","TheeJimmyCox"
"TheSideHusband","UnconfirmedTxns"
"TheSideHusband","Crypto_Monkeyo"
"TheSideHusband","Bitcoin_UAE"
"TheSideHusband","bitcoinnewsweb"
"TheSideHusband","Soc_Currency"
"TheSideHusband","bitcointonic"
"TheSideHusband","socialnewstweet"
"TheSideHusband","socmediaimpact"
"TheSideHusband","Just_JUNO"
"TheSideHusband","ondhro1"
"TheSideHusband","TheBlockchain"
"goldseek","GlencieR"
"goldseek","mktm9871"
"goldseek","juliarahma1995"
"goldseek","nowsocialinc"
"goldseek","FTS_Billing"
"goldseek","politicalHEDGE"
"goldseek","roni20731"
"goldseek","btcmrkts"
"goldseek","davidar12"
"goldseek","leola_joergen"
"goldseek","OmegaLuther"
"goldseek","eBargainsToday"
"goldseek","markuspdee"
"btcmrkts","GlencieR"
"btcmrkts","mktm9871"
"btcmrkts","juliarahma1995"
"btcmrkts","nowsocialinc"
"btcmrkts","FTS_Billing"
"btcmrkts","politicalHEDGE"
"btcmrkts","roni20731"
"btcmrkts","goldseek"
"btcmrkts","davidar12"
"btcmrkts","leola_joergen"
"btcmrkts","OmegaLuther"
"btcmrkts","eBargainsToday"
"btcmrkts","markuspdee"
"realSatoshiN","reubeng0"
"realSatoshiN","FeesBitcoin"
"realSatoshiN","BtcPulse"
"realSatoshiN","betbtc"
"realSatoshiN","TboneMacdonald"
"realSatoshiN","antoni161273"
"realSatoshiN","CHP_the_RIPPER"
"realSatoshiN","btcbeehive"
"realSatoshiN","miamipeoria"
"realSatoshiN","CarlaCoinsNLegs"
"realSatoshiN","adam3us"
"realSatoshiN","MIParentalRlght"
"realSatoshiN","blockchainbot"
"realSatoshiN","maestrejoseg"
"realSatoshiN","Kayy_Kayy_44"
"realSatoshiN","mempool_stats"
"realSatoshiN","JacekSalaj"
"realSatoshiN","CryptoKid77"
"realSatoshiN","BitcoinCashApp"
"egaconsulting","StreamIn_"
"egaconsulting","CryptoRidiculo"
"egaconsulting","whaleclubco"
"egaconsulting","BitcoinSpreads"
"egaconsulting","BTCdominance"
"egaconsulting","latigo661"
"egaconsulting","ESellhamer"
"egaconsulting","BitcoinInvest24"
"egaconsulting","socmrktng"
"egaconsulting","jeffvillalobos3"
"egaconsulting","CryptNotBlood"
"egaconsulting","findingreview"
"egaconsulting","hexagram_power"
"egaconsulting","Crystal0182"
"egaconsulting","cryptomiao"
"egaconsulting","eStream_Studios"
"egaconsulting","CA_Minho25"
"egaconsulting","shushmashri21"
"egaconsulting","Priya_upala"
"egaconsulting","michael55038689"
"findingreview","StreamIn_"
"findingreview","CryptoRidiculo"
"findingreview","whaleclubco"
"findingreview","BitcoinSpreads"
"findingreview","BTCdominance"
"findingreview","latigo661"
"findingreview","ESellhamer"
"findingreview","BitcoinInvest24"
"findingreview","socmrktng"
"findingreview","jeffvillalobos3"
"findingreview","CryptNotBlood"
"findingreview","egaconsulting"
"findingreview","hexagram_power"
"findingreview","Crystal0182"
"findingreview","cryptomiao"
"findingreview","eStream_Studios"
"findingreview","CA_Minho25"
"findingreview","shushmashri21"
"findingreview","Priya_upala"
"findingreview","michael55038689"
"davidar12","GlencieR"
"davidar12","mktm9871"
"davidar12","juliarahma1995"
"davidar12","nowsocialinc"
"davidar12","FTS_Billing"
"davidar12","politicalHEDGE"
"davidar12","roni20731"
"davidar12","goldseek"
"davidar12","btcmrkts"
"davidar12","leola_joergen"
"davidar12","OmegaLuther"
"davidar12","eBargainsToday"
"davidar12","markuspdee"
"g0t3nk5","CryptoPrices_"
"g0t3nk5","Coinnnnn_"
"g0t3nk5","BitcoinUkNews"
"g0t3nk5","ibrahimsilence"
"g0t3nk5","paleodead"
"g0t3nk5","socialstartnews"
"g0t3nk5","MdKayumUddin2"
"g0t3nk5","CryptoNewswire"
"g0t3nk5","midousujikun"
"NeilOKeefe","vkeyxyz"
"NeilOKeefe","chrisleu2"
"NeilOKeefe","Anon_Emy"
"NeilOKeefe","bitstein"
"NeilOKeefe","steveouttrim"
"NeilOKeefe","eprocentteam"
"NeilOKeefe","BitcoinWrld"
"NeilOKeefe","djprincealby"
"NeilOKeefe","fakent_"
"NeilOKeefe","TugBoatTrader"
"37angelsny","sabbir1133"
"37angelsny","BitcoinKacDolar"
"37angelsny","iam_rahul555"
"37angelsny","PatPrivilege"
"37angelsny","s_H4k4"
"37angelsny","getitoutnow"
"37angelsny","steemero"
"37angelsny","ssn4marketing"
"37angelsny","TheBitForum"
"37angelsny","NazzyN21"
"37angelsny","DMVLife1"
"37angelsny","tell_taylor"
"King_Tuesday","cryptananda"
"King_Tuesday","Crypto_Newz"
"King_Tuesday","rottenwheel"
"King_Tuesday","tigzorr"
"King_Tuesday","ssn3media"
"King_Tuesday","MzCh11KiETHaNg9"
"King_Tuesday","KovshBeats"
"King_Tuesday","xbtnews"
"King_Tuesday","jekiedugn1"
"King_Tuesday","theonevortex"
"King_Tuesday","McclamNeva"
"hexagram_power","StreamIn_"
"hexagram_power","CryptoRidiculo"
"hexagram_power","whaleclubco"
"hexagram_power","BitcoinSpreads"
"hexagram_power","BTCdominance"
"hexagram_power","latigo661"
"hexagram_power","ESellhamer"
"hexagram_power","BitcoinInvest24"
"hexagram_power","socmrktng"
"hexagram_power","jeffvillalobos3"
"hexagram_power","CryptNotBlood"
"hexagram_power","egaconsulting"
"hexagram_power","findingreview"
"hexagram_power","Crystal0182"
"hexagram_power","cryptomiao"
"hexagram_power","eStream_Studios"
"hexagram_power","CA_Minho25"
"hexagram_power","shushmashri21"
"hexagram_power","Priya_upala"
"hexagram_power","michael55038689"
"xbtnews","cryptananda"
"xbtnews","Crypto_Newz"
"xbtnews","rottenwheel"
"xbtnews","tigzorr"
"xbtnews","ssn3media"
"xbtnews","MzCh11KiETHaNg9"
"xbtnews","KovshBeats"
"xbtnews","King_Tuesday"
"xbtnews","jekiedugn1"
"xbtnews","theonevortex"
"xbtnews","McclamNeva"
"leola_joergen","GlencieR"
"leola_joergen","mktm9871"
"leola_joergen","juliarahma1995"
"leola_joergen","nowsocialinc"
"leola_joergen","FTS_Billing"
"leola_joergen","politicalHEDGE"
"leola_joergen","roni20731"
"leola_joergen","goldseek"
"leola_joergen","btcmrkts"
"leola_joergen","davidar12"
"leola_joergen","OmegaLuther"
"leola_joergen","eBargainsToday"
"leola_joergen","markuspdee"
"KalEl_1987","abidoank12"
"KalEl_1987","CityofInvestmnt"
"KalEl_1987","strange10change"
"KalEl_1987","coinradar_io"
"KalEl_1987","CryptoSeven"
"KalEl_1987","Chey999"
"KalEl_1987","Ragnarly"
"KalEl_1987","Nationalacrobat"
"KalEl_1987","CryptoStacking"
"KalEl_1987","bitcoin_miner_"
"KalEl_1987","socialstartnow"
"KalEl_1987","Kandy_LOVE_94"
"KalEl_1987","RTrobby"
"KalEl_1987","BrutallyDoke"
"KalEl_1987","bitcoinfirehose"
"KalEl_1987","socialirnews"
"KalEl_1987","GetOvarIt"
"KalEl_1987","1JustinMcCollum"
"KalEl_1987","hotload2000"
"KalEl_1987","btc_update"
"KalEl_1987","MikeAlden2012"
"Crystal0182","StreamIn_"
"Crystal0182","CryptoRidiculo"
"Crystal0182","whaleclubco"
"Crystal0182","BitcoinSpreads"
"Crystal0182","BTCdominance"
"Crystal0182","latigo661"
"Crystal0182","ESellhamer"
"Crystal0182","BitcoinInvest24"
"Crystal0182","socmrktng"
"Crystal0182","jeffvillalobos3"
"Crystal0182","CryptNotBlood"
"Crystal0182","egaconsulting"
"Crystal0182","findingreview"
"Crystal0182","hexagram_power"
"Crystal0182","cryptomiao"
"Crystal0182","eStream_Studios"
"Crystal0182","CA_Minho25"
"Crystal0182","shushmashri21"
"Crystal0182","Priya_upala"
"Crystal0182","michael55038689"
"cryptomiao","StreamIn_"
"cryptomiao","CryptoRidiculo"
"cryptomiao","whaleclubco"
"cryptomiao","BitcoinSpreads"
"cryptomiao","BTCdominance"
"cryptomiao","latigo661"
"cryptomiao","ESellhamer"
"cryptomiao","BitcoinInvest24"
"cryptomiao","socmrktng"
"cryptomiao","jeffvillalobos3"
"cryptomiao","CryptNotBlood"
"cryptomiao","egaconsulting"
"cryptomiao","findingreview"
"cryptomiao","hexagram_power"
"cryptomiao","Crystal0182"
"cryptomiao","eStream_Studios"
"cryptomiao","CA_Minho25"
"cryptomiao","shushmashri21"
"cryptomiao","Priya_upala"
"cryptomiao","michael55038689"
"MdKayumUddin2","CryptoPrices_"
"MdKayumUddin2","Coinnnnn_"
"MdKayumUddin2","BitcoinUkNews"
"MdKayumUddin2","ibrahimsilence"
"MdKayumUddin2","paleodead"
"MdKayumUddin2","socialstartnews"
"MdKayumUddin2","g0t3nk5"
"MdKayumUddin2","CryptoNewswire"
"MdKayumUddin2","midousujikun"
"BASSLINE_BOP2","EvaBlaisdell"
"BASSLINE_BOP2","eiyeorch"
"BASSLINE_BOP2","Torosernjacks"
"BASSLINE_BOP2","mvasey"
"BASSLINE_BOP2","CogitoErgoCode"
"BASSLINE_BOP2","TAHARARALAN"
"BASSLINE_BOP2","BTCticker"
"BASSLINE_BOP2","coinstats"
"BASSLINE_BOP2","Bitmoeda"
"BASSLINE_BOP2","jmvillegast"
"BASSLINE_BOP2","UndersHead"
"BASSLINE_BOP2","matslats"
"BASSLINE_BOP2","Buddhamangler"
"BASSLINE_BOP2","MattLeft99"
"CryptoNewswire","CryptoPrices_"
"CryptoNewswire","Coinnnnn_"
"CryptoNewswire","BitcoinUkNews"
"CryptoNewswire","ibrahimsilence"
"CryptoNewswire","paleodead"
"CryptoNewswire","socialstartnews"
"CryptoNewswire","g0t3nk5"
"CryptoNewswire","MdKayumUddin2"
"CryptoNewswire","midousujikun"
"midousujikun","CryptoPrices_"
"midousujikun","Coinnnnn_"
"midousujikun","BitcoinUkNews"
"midousujikun","ibrahimsilence"
"midousujikun","paleodead"
"midousujikun","socialstartnews"
"midousujikun","g0t3nk5"
"midousujikun","MdKayumUddin2"
"midousujikun","CryptoNewswire"
"jekiedugn1","cryptananda"
"jekiedugn1","Crypto_Newz"
"jekiedugn1","rottenwheel"
"jekiedugn1","tigzorr"
"jekiedugn1","ssn3media"
"jekiedugn1","MzCh11KiETHaNg9"
"jekiedugn1","KovshBeats"
"jekiedugn1","King_Tuesday"
"jekiedugn1","xbtnews"
"jekiedugn1","theonevortex"
"jekiedugn1","McclamNeva"
"btc_update","abidoank12"
"btc_update","CityofInvestmnt"
"btc_update","strange10change"
"btc_update","coinradar_io"
"btc_update","CryptoSeven"
"btc_update","Chey999"
"btc_update","Ragnarly"
"btc_update","Nationalacrobat"
"btc_update","CryptoStacking"
"btc_update","bitcoin_miner_"
"btc_update","socialstartnow"
"btc_update","Kandy_LOVE_94"
"btc_update","RTrobby"
"btc_update","BrutallyDoke"
"btc_update","bitcoinfirehose"
"btc_update","socialirnews"
"btc_update","GetOvarIt"
"btc_update","1JustinMcCollum"
"btc_update","hotload2000"
"btc_update","KalEl_1987"
"btc_update","MikeAlden2012"
"matslats","EvaBlaisdell"
"matslats","eiyeorch"
"matslats","Torosernjacks"
"matslats","mvasey"
"matslats","CogitoErgoCode"
"matslats","TAHARARALAN"
"matslats","BTCticker"
"matslats","coinstats"
"matslats","Bitmoeda"
"matslats","jmvillegast"
"matslats","UndersHead"
"matslats","BASSLINE_BOP2"
"matslats","Buddhamangler"
"matslats","MattLeft99"
"TheBlockchain","block_bit"
"TheBlockchain","HarrietteFarkas"
"TheBlockchain","TommyeKirkendal"
"TheBlockchain","Cryptonic17"
"TheBlockchain","btcreports"
"TheBlockchain","crypto_rush"
"TheBlockchain","TheeJimmyCox"
"TheBlockchain","UnconfirmedTxns"
"TheBlockchain","Crypto_Monkeyo"
"TheBlockchain","Bitcoin_UAE"
"TheBlockchain","bitcoinnewsweb"
"TheBlockchain","Soc_Currency"
"TheBlockchain","bitcointonic"
"TheBlockchain","socialnewstweet"
"TheBlockchain","socmediaimpact"
"TheBlockchain","Just_JUNO"
"TheBlockchain","ondhro1"
"TheBlockchain","TheSideHusband"
"OmegaLuther","GlencieR"
"OmegaLuther","mktm9871"
"OmegaLuther","juliarahma1995"
"OmegaLuther","nowsocialinc"
"OmegaLuther","FTS_Billing"
"OmegaLuther","politicalHEDGE"
"OmegaLuther","roni20731"
"OmegaLuther","goldseek"
"OmegaLuther","btcmrkts"
"OmegaLuther","davidar12"
"OmegaLuther","leola_joergen"
"OmegaLuther","eBargainsToday"
"OmegaLuther","markuspdee"
"VeryVeriViral","wavesprice"
"VeryVeriViral","dc77ae00b817435"
"VeryVeriViral","digitaljournal"
"VeryVeriViral","blkchdemcy"
"VeryVeriViral","tommyalvarez81"
"VeryVeriViral","henrynburton"
"VeryVeriViral","socialstocksnow"
"VeryVeriViral","ssn1tweet"
"eStream_Studios","StreamIn_"
"eStream_Studios","CryptoRidiculo"
"eStream_Studios","whaleclubco"
"eStream_Studios","BitcoinSpreads"
"eStream_Studios","BTCdominance"
"eStream_Studios","latigo661"
"eStream_Studios","ESellhamer"
"eStream_Studios","BitcoinInvest24"
"eStream_Studios","socmrktng"
"eStream_Studios","jeffvillalobos3"
"eStream_Studios","CryptNotBlood"
"eStream_Studios","egaconsulting"
"eStream_Studios","findingreview"
"eStream_Studios","hexagram_power"
"eStream_Studios","Crystal0182"
"eStream_Studios","cryptomiao"
"eStream_Studios","CA_Minho25"
"eStream_Studios","shushmashri21"
"eStream_Studios","Priya_upala"
"eStream_Studios","michael55038689"
"eBargainsToday","GlencieR"
"eBargainsToday","mktm9871"
"eBargainsToday","juliarahma1995"
"eBargainsToday","nowsocialinc"
"eBargainsToday","FTS_Billing"
"eBargainsToday","politicalHEDGE"
"eBargainsToday","roni20731"
"eBargainsToday","goldseek"
"eBargainsToday","btcmrkts"
"eBargainsToday","davidar12"
"eBargainsToday","leola_joergen"
"eBargainsToday","OmegaLuther"
"eBargainsToday","markuspdee"
"TheBitForum","sabbir1133"
"TheBitForum","BitcoinKacDolar"
"TheBitForum","iam_rahul555"
"TheBitForum","PatPrivilege"
"TheBitForum","s_H4k4"
"TheBitForum","getitoutnow"
"TheBitForum","steemero"
"TheBitForum","ssn4marketing"
"TheBitForum","37angelsny"
"TheBitForum","NazzyN21"
"TheBitForum","DMVLife1"
"TheBitForum","tell_taylor"
"NazzyN21","sabbir1133"
"NazzyN21","BitcoinKacDolar"
"NazzyN21","iam_rahul555"
"NazzyN21","PatPrivilege"
"NazzyN21","s_H4k4"
"NazzyN21","getitoutnow"
"NazzyN21","steemero"
"NazzyN21","ssn4marketing"
"NazzyN21","37angelsny"
"NazzyN21","TheBitForum"
"NazzyN21","DMVLife1"
"NazzyN21","tell_taylor"
"MikeAlden2012","abidoank12"
"MikeAlden2012","CityofInvestmnt"
"MikeAlden2012","strange10change"
"MikeAlden2012","coinradar_io"
"MikeAlden2012","CryptoSeven"
"MikeAlden2012","Chey999"
"MikeAlden2012","Ragnarly"
"MikeAlden2012","Nationalacrobat"
"MikeAlden2012","CryptoStacking"
"MikeAlden2012","bitcoin_miner_"
"MikeAlden2012","socialstartnow"
"MikeAlden2012","Kandy_LOVE_94"
"MikeAlden2012","RTrobby"
"MikeAlden2012","BrutallyDoke"
"MikeAlden2012","bitcoinfirehose"
"MikeAlden2012","socialirnews"
"MikeAlden2012","GetOvarIt"
"MikeAlden2012","1JustinMcCollum"
"MikeAlden2012","hotload2000"
"MikeAlden2012","KalEl_1987"
"MikeAlden2012","btc_update"
"DMVLife1","sabbir1133"
"DMVLife1","BitcoinKacDolar"
"DMVLife1","iam_rahul555"
"DMVLife1","PatPrivilege"
"DMVLife1","s_H4k4"
"DMVLife1","getitoutnow"
"DMVLife1","steemero"
"DMVLife1","ssn4marketing"
"DMVLife1","37angelsny"
"DMVLife1","TheBitForum"
"DMVLife1","NazzyN21"
"DMVLife1","tell_taylor"
"mempool_stats","reubeng0"
"mempool_stats","FeesBitcoin"
"mempool_stats","BtcPulse"
"mempool_stats","betbtc"
"mempool_stats","TboneMacdonald"
"mempool_stats","antoni161273"
"mempool_stats","CHP_the_RIPPER"
"mempool_stats","btcbeehive"
"mempool_stats","miamipeoria"
"mempool_stats","CarlaCoinsNLegs"
"mempool_stats","adam3us"
"mempool_stats","MIParentalRlght"
"mempool_stats","blockchainbot"
"mempool_stats","maestrejoseg"
"mempool_stats","Kayy_Kayy_44"
"mempool_stats","realSatoshiN"
"mempool_stats","JacekSalaj"
"mempool_stats","CryptoKid77"
"mempool_stats","BitcoinCashApp"
"Buddhamangler","EvaBlaisdell"
"Buddhamangler","eiyeorch"
"Buddhamangler","Torosernjacks"
"Buddhamangler","mvasey"
"Buddhamangler","CogitoErgoCode"
"Buddhamangler","TAHARARALAN"
"Buddhamangler","BTCticker"
"Buddhamangler","coinstats"
"Buddhamangler","Bitmoeda"
"Buddhamangler","jmvillegast"
"Buddhamangler","UndersHead"
"Buddhamangler","BASSLINE_BOP2"
"Buddhamangler","matslats"
"Buddhamangler","MattLeft99"
"hitjo","topfashionideas"
"hitjo","CryptoJauregui"
"hitjo","Polite_Jerk"
"hitjo","BitcoinOps"
"hitjo","khichariya1"
"hitjo","darren_yan"
"hitjo","dodadopp"
"hitjo","LudwigsenAngila"
"hitjo","sydni519"
"hitjo","socialprnews"
"hitjo","RandallGoulding"
"hitjo","CryptoW0rld"
"djprincealby","vkeyxyz"
"djprincealby","chrisleu2"
"djprincealby","Anon_Emy"
"djprincealby","bitstein"
"djprincealby","steveouttrim"
"djprincealby","eprocentteam"
"djprincealby","BitcoinWrld"
"djprincealby","NeilOKeefe"
"djprincealby","fakent_"
"djprincealby","TugBoatTrader"
"fakent_","vkeyxyz"
"fakent_","chrisleu2"
"fakent_","Anon_Emy"
"fakent_","bitstein"
"fakent_","steveouttrim"
"fakent_","eprocentteam"
"fakent_","BitcoinWrld"
"fakent_","NeilOKeefe"
"fakent_","djprincealby"
"fakent_","TugBoatTrader"
"TugBoatTrader","vkeyxyz"
"TugBoatTrader","chrisleu2"
"TugBoatTrader","Anon_Emy"
"TugBoatTrader","bitstein"
"TugBoatTrader","steveouttrim"
"TugBoatTrader","eprocentteam"
"TugBoatTrader","BitcoinWrld"
"TugBoatTrader","NeilOKeefe"
"TugBoatTrader","djprincealby"
"TugBoatTrader","fakent_"
"CryptoW0rld","topfashionideas"
"CryptoW0rld","CryptoJauregui"
"CryptoW0rld","Polite_Jerk"
"CryptoW0rld","BitcoinOps"
"CryptoW0rld","khichariya1"
"CryptoW0rld","darren_yan"
"CryptoW0rld","dodadopp"
"CryptoW0rld","LudwigsenAngila"
"CryptoW0rld","sydni519"
"CryptoW0rld","socialprnews"
"CryptoW0rld","RandallGoulding"
"CryptoW0rld","hitjo"
"CA_Minho25","StreamIn_"
"CA_Minho25","CryptoRidiculo"
"CA_Minho25","whaleclubco"
"CA_Minho25","BitcoinSpreads"
"CA_Minho25","BTCdominance"
"CA_Minho25","latigo661"
"CA_Minho25","ESellhamer"
"CA_Minho25","BitcoinInvest24"
"CA_Minho25","socmrktng"
"CA_Minho25","jeffvillalobos3"
"CA_Minho25","CryptNotBlood"
"CA_Minho25","egaconsulting"
"CA_Minho25","findingreview"
"CA_Minho25","hexagram_power"
"CA_Minho25","Crystal0182"
"CA_Minho25","cryptomiao"
"CA_Minho25","eStream_Studios"
"CA_Minho25","shushmashri21"
"CA_Minho25","Priya_upala"
"CA_Minho25","michael55038689"
"shushmashri21","StreamIn_"
"shushmashri21","CryptoRidiculo"
"shushmashri21","whaleclubco"
"shushmashri21","BitcoinSpreads"
"shushmashri21","BTCdominance"
"shushmashri21","latigo661"
"shushmashri21","ESellhamer"
"shushmashri21","BitcoinInvest24"
"shushmashri21","socmrktng"
"shushmashri21","jeffvillalobos3"
"shushmashri21","CryptNotBlood"
"shushmashri21","egaconsulting"
"shushmashri21","findingreview"
"shushmashri21","hexagram_power"
"shushmashri21","Crystal0182"
"shushmashri21","cryptomiao"
"shushmashri21","eStream_Studios"
"shushmashri21","CA_Minho25"
"shushmashri21","Priya_upala"
"shushmashri21","michael55038689"
"markuspdee","GlencieR"
"markuspdee","mktm9871"
"markuspdee","juliarahma1995"
"markuspdee","nowsocialinc"
"markuspdee","FTS_Billing"
"markuspdee","politicalHEDGE"
"markuspdee","roni20731"
"markuspdee","goldseek"
"markuspdee","btcmrkts"
"markuspdee","davidar12"
"markuspdee","leola_joergen"
"markuspdee","OmegaLuther"
"markuspdee","eBargainsToday"
"JacekSalaj","reubeng0"
"JacekSalaj","FeesBitcoin"
"JacekSalaj","BtcPulse"
"JacekSalaj","betbtc"
"JacekSalaj","TboneMacdonald"
"JacekSalaj","antoni161273"
"JacekSalaj","CHP_the_RIPPER"
"JacekSalaj","btcbeehive"
"JacekSalaj","miamipeoria"
"JacekSalaj","CarlaCoinsNLegs"
"JacekSalaj","adam3us"
"JacekSalaj","MIParentalRlght"
"JacekSalaj","blockchainbot"
"JacekSalaj","maestrejoseg"
"JacekSalaj","Kayy_Kayy_44"
"JacekSalaj","realSatoshiN"
"JacekSalaj","mempool_stats"
"JacekSalaj","CryptoKid77"
"JacekSalaj","BitcoinCashApp"
"tell_taylor","sabbir1133"
"tell_taylor","BitcoinKacDolar"
"tell_taylor","iam_rahul555"
"tell_taylor","PatPrivilege"
"tell_taylor","s_H4k4"
"tell_taylor","getitoutnow"
"tell_taylor","steemero"
"tell_taylor","ssn4marketing"
"tell_taylor","37angelsny"
"tell_taylor","TheBitForum"
"tell_taylor","NazzyN21"
"tell_taylor","DMVLife1"
"Priya_upala","StreamIn_"
"Priya_upala","CryptoRidiculo"
"Priya_upala","whaleclubco"
"Priya_upala","BitcoinSpreads"
"Priya_upala","BTCdominance"
"Priya_upala","latigo661"
"Priya_upala","ESellhamer"
"Priya_upala","BitcoinInvest24"
"Priya_upala","socmrktng"
"Priya_upala","jeffvillalobos3"
"Priya_upala","CryptNotBlood"
"Priya_upala","egaconsulting"
"Priya_upala","findingreview"
"Priya_upala","hexagram_power"
"Priya_upala","Crystal0182"
"Priya_upala","cryptomiao"
"Priya_upala","eStream_Studios"
"Priya_upala","CA_Minho25"
"Priya_upala","shushmashri21"
"Priya_upala","michael55038689"
"MattLeft99","EvaBlaisdell"
"MattLeft99","eiyeorch"
"MattLeft99","Torosernjacks"
"MattLeft99","mvasey"
"MattLeft99","CogitoErgoCode"
"MattLeft99","TAHARARALAN"
"MattLeft99","BTCticker"
"MattLeft99","coinstats"
"MattLeft99","Bitmoeda"
"MattLeft99","jmvillegast"
"MattLeft99","UndersHead"
"MattLeft99","BASSLINE_BOP2"
"MattLeft99","matslats"
"MattLeft99","Buddhamangler"
"theonevortex","cryptananda"
"theonevortex","Crypto_Newz"
"theonevortex","rottenwheel"
"theonevortex","tigzorr"
"theonevortex","ssn3media"
"theonevortex","MzCh11KiETHaNg9"
"theonevortex","KovshBeats"
"theonevortex","King_Tuesday"
"theonevortex","xbtnews"
"theonevortex","jekiedugn1"
"theonevortex","McclamNeva"
"CryptoKid77","reubeng0"
"CryptoKid77","FeesBitcoin"
"CryptoKid77","BtcPulse"
"CryptoKid77","betbtc"
"CryptoKid77","TboneMacdonald"
"CryptoKid77","antoni161273"
"CryptoKid77","CHP_the_RIPPER"
"CryptoKid77","btcbeehive"
"CryptoKid77","miamipeoria"
"CryptoKid77","CarlaCoinsNLegs"
"CryptoKid77","adam3us"
"CryptoKid77","MIParentalRlght"
"CryptoKid77","blockchainbot"
"CryptoKid77","maestrejoseg"
"CryptoKid77","Kayy_Kayy_44"
"CryptoKid77","realSatoshiN"
"CryptoKid77","mempool_stats"
"CryptoKid77","JacekSalaj"
"CryptoKid77","BitcoinCashApp"
"BitcoinCashApp","reubeng0"
"BitcoinCashApp","FeesBitcoin"
"BitcoinCashApp","BtcPulse"
"BitcoinCashApp","betbtc"
"BitcoinCashApp","TboneMacdonald"
"BitcoinCashApp","antoni161273"
"BitcoinCashApp","CHP_the_RIPPER"
"BitcoinCashApp","btcbeehive"
"BitcoinCashApp","miamipeoria"
"BitcoinCashApp","CarlaCoinsNLegs"
"BitcoinCashApp","adam3us"
"BitcoinCashApp","MIParentalRlght"
"BitcoinCashApp","blockchainbot"
"BitcoinCashApp","maestrejoseg"
"BitcoinCashApp","Kayy_Kayy_44"
"BitcoinCashApp","realSatoshiN"
"BitcoinCashApp","mempool_stats"
"BitcoinCashApp","JacekSalaj"
"BitcoinCashApp","CryptoKid77"
"michael55038689","StreamIn_"
"michael55038689","CryptoRidiculo"
"michael55038689","whaleclubco"
"michael55038689","BitcoinSpreads"
"michael55038689","BTCdominance"
"michael55038689","latigo661"
"michael55038689","ESellhamer"
"michael55038689","BitcoinInvest24"
"michael55038689","socmrktng"
"michael55038689","jeffvillalobos3"
"michael55038689","CryptNotBlood"
"michael55038689","egaconsulting"
"michael55038689","findingreview"
"michael55038689","hexagram_power"
"michael55038689","Crystal0182"
"michael55038689","cryptomiao"
"michael55038689","eStream_Studios"
"michael55038689","CA_Minho25"
"michael55038689","shushmashri21"
"michael55038689","Priya_upala"
"McclamNeva","cryptananda"
"McclamNeva","Crypto_Newz"
"McclamNeva","rottenwheel"
"McclamNeva","tigzorr"
"McclamNeva","ssn3media"
"McclamNeva","MzCh11KiETHaNg9"
"McclamNeva","KovshBeats"
"McclamNeva","King_Tuesday"
"McclamNeva","xbtnews"
"McclamNeva","jekiedugn1"
"McclamNeva","theonevortex"
